,Normalized True Value,Normalized Predicted Value,True Value,Predicted Value
0,0.49031780226644295,0.42920297,793.9120093933898,765.56024
1,0.3757760159377479,0.36821395,740.7749285158374,737.2668
2,0.502938562317651,0.43346187,799.766906274889,767.53595
3,0.41735372242936686,0.48059765,760.0632426181539,789.4028
4,0.35302881119200813,0.39441013,730.2222726069797,749.4195
5,0.3830755617155188,0.4439724,744.1612608474263,772.4119
6,0.3498822015382641,0.3247831,728.762528901034,717.11884
7,0.8598696023668231,0.42685848,965.3507875003413,764.4726
8,0.27513551249618473,0.40732464,694.0867918773378,755.41064
9,0.4018871499088388,0.41329312,752.8881448545883,758.1795
10,0.31031680036367937,0.3859825,710.4077433720779,745.5098
11,0.2838810048319651,0.45006236,698.1439132865222,775.23706
12,0.3705756691754072,0.37345907,738.3624356138248,739.7001
13,0.28382571388713074,0.43931982,698.1182632639267,770.25354
14,0.2536254345374007,0.25878063,684.1080514646608,686.49963
15,0.3241473809070312,0.44422093,716.8238880863452,772.5272
16,0.31603622484619165,0.4168203,713.0610416227983,759.8158
17,0.2936877361226129,0.5656762,702.6933540665027,828.8716
18,0.2891430830059092,0.51754874,700.5850440081131,806.54474
19,0.269251987837406,0.44329336,691.3573659127256,772.0969
20,0.3287628064204775,0.39456654,718.9650301677907,749.49207
21,0.5158727278231288,0.45999616,805.7671950828177,779.8455
22,0.3982854079249525,0.5147251,751.2172607062598,805.2348
23,0.3192195654923202,0.3888158,714.5378252036717,746.8242
24,0.545919200797403,0.514703,819.7060545653961,805.22455
25,0.4456007176329386,0.41411713,773.1673063558434,758.56177
26,0.47062152008427094,0.37604704,784.774706991821,740.9007
27,0.24002899694087598,0.23883882,677.8005280064542,677.2484
28,0.23664656123699634,0.38825798,676.2313822359805,746.5654
29,0.43732563226206755,0.46325704,769.3284114449608,781.3582
30,0.3336567427871435,0.34431505,721.2353762210545,726.1799
31,0.4538776527073194,0.32067424,777.0070593626938,715.21265
32,0.5080856736505468,0.6366981,802.1547027284645,861.81934
33,0.22459375600764342,0.41966435,670.6399652797647,761.13513
34,0.32276150532593806,0.34431377,716.180966536061,726.17926
35,0.13760085652474818,0.3961106,630.2830886868828,750.2083
36,0.23187720553284796,0.22759986,674.0188303987156,672.03455
37,0.33613152441736416,0.37150347,722.3834521840217,738.79285
38,0.42473783726288783,0.645608,763.4888073809731,865.9527
39,0.3617272553836852,0.5525189,734.257567911312,822.7677
40,0.3599228364141347,0.45258728,733.4204798948317,776.40845
41,0.2793005285557546,0.46202832,696.0189845059613,780.7882
42,0.3869481766305687,0.42040497,745.9578056590997,761.47876
43,0.4663050385292251,0.42281556,782.7722480041574,762.59705
44,0.36506602119966125,0.40441793,735.8064547837903,754.0622
45,0.3912228508477633,0.48088488,747.9408698043753,789.53595
46,0.3349482281809055,0.45609766,721.8345092188896,778.0369
47,0.4186228810586101,0.56598616,760.6520180065088,829.0153
48,0.30949771287941874,0.63982856,710.0277604916638,863.27155
49,0.3488619987911956,0.24706891,728.289246637678,681.0664
50,0.2624250474365999,0.4077254,688.1902799447902,755.59656
51,0.41551439663716794,0.47041255,759.2099609773405,784.67773
52,0.3698329918646013,0.46793085,738.0179001774997,783.5265
53,0.42868338034427356,0.55187184,765.3191842987891,822.4675
54,0.16003632818271818,0.5418237,640.6911284968654,817.8061
55,0.24630574235987002,0.3715637,680.7123730166218,738.8208
56,0.3021356136787223,0.64938307,706.6124090012186,867.704
57,0.28338617740968064,0.226298,697.9143578936728,671.4306
58,0.3949848938970635,0.46057045,749.6861192210541,780.11194
59,0.5659543144579529,0.43866605,829.0005442804119,769.95026
60,0.2370390228110255,0.5310137,676.4134490874671,812.79126
61,0.41559224077180423,0.55262595,759.2460736503709,822.8174
62,0.49649941930894403,0.4145795,796.7797233977693,758.7763
63,0.28984368358511237,0.3067831,700.9100596275931,708.76843
64,0.29967222227037515,0.3654083,705.4696170761583,735.9653
65,0.27132986096648715,0.50991464,692.3213120502202,803.0032
66,0.5105401119524091,0.536438,803.2933412178343,815.3077
67,0.43746077248677984,0.4181492,769.3911043475294,760.43225
68,0.4778529300089107,0.50819486,788.1294304193187,802.2054
69,0.3528205577246948,0.44192156,730.1256617395369,771.4605
70,0.35192577409158377,0.32517868,729.710562658193,717.3023
71,0.32401821355483373,0.27776474,716.7639660591057,695.3065
72,0.29801607594923074,0.5497535,704.7013142250122,821.4848
73,0.5265134577015342,0.4774217,810.7035361533373,787.9294
74,0.40672496851922846,0.5824448,755.1324573191548,836.65063
75,0.5476073988639187,0.36544085,820.4892265419562,735.98035
76,0.6148194385371641,0.6981058,851.6695643255288,890.30695
77,0.3739577368708349,0.6155979,739.9314106614951,852.0307
78,0.2963361622762051,0.56060886,703.9219854614926,826.52075
79,0.39291390081618016,0.39642304,748.7253648067659,750.3533
80,0.30164941235714826,0.5632953,706.3868553428086,827.767
81,0.36157624646980513,0.34779856,734.1875133650432,727.7959
82,0.32002385368901987,0.39097854,714.9109425464923,747.8275
83,0.31469959940379977,0.3783173,712.440967704695,741.95386
84,0.2485638158066128,0.52566844,681.7599158847128,810.3115
85,0.6894677362899146,0.33255363,886.2996566455209,720.72363
86,0.5570748613640237,0.34718713,824.8812771350003,727.51227
87,0.29497753465527055,0.40821886,703.2917045125914,755.8255
88,0.3174435622340346,0.39060342,713.7139195199983,747.65356
89,0.30058583658811644,0.46498764,705.8934519005376,782.16113
90,0.6045108278342755,0.557411,846.88729666399,825.03723
91,0.3491588615985022,0.48325023,728.4269642646419,790.6333
92,0.46184967020752365,0.43070698,780.7053580556267,766.258
93,0.3655235545748261,0.64345187,736.0187090949859,864.95245
94,0.532164758192232,0.48163977,813.3252310025499,789.88617
95,0.3526502611757687,0.42857102,730.0466594663623,765.2671
96,0.28404337641122224,0.38658607,698.2192390869636,745.78986
97,0.27632654226085385,0.6761942,694.6393225035948,880.14197
98,0.14090161858769057,0.42956415,631.8143452380318,765.7278
99,0.42696470382712093,0.43668097,764.5218730639859,769.02936
100,0.454351705087773,0.459485,777.2269770057457,779.60834
101,0.2829076172923246,0.5231719,697.6923490663637,809.1534
102,0.749938889420199,0.47897562,914.3528297069383,788.65027
103,0.36539549502760016,0.4658884,735.9593009895583,782.579
104,0.4330017214655075,0.31404677,767.3225059578157,712.1381
105,0.6070183761632999,0.43304396,848.0505734264232,767.3421
106,0.42962076937470317,0.43114954,765.7540484502939,766.46326
107,0.44351042271981256,0.5179296,772.1975976284277,806.7214
108,0.4366810198831941,0.47328922,769.0293693118778,786.01227
109,0.48603731482786894,0.47957957,791.9262484365444,788.9305
110,0.265415206905117,0.51711625,689.5774448442394,806.34406
111,0.33701688019130405,0.31704605,722.7941775871533,713.52954
112,0.28930807655983304,0.31065038,700.66158616884,710.5625
113,0.328016972469505,0.4281945,718.6190303345044,765.09235
114,0.2753797533655815,0.42696804,694.2000976607267,764.52344
115,0.28885625188416664,0.48313618,700.4519801804677,790.5804
116,0.6383858575357757,0.4593388,862.6022619240279,779.5405
117,0.36485182020686446,0.35832608,735.7070847997599,732.67975
118,0.16298034030047348,0.32002497,642.0568851785077,714.9115
119,0.3524371833831914,0.40861234,729.9478105461534,756.008
120,0.4804629736207535,0.4592722,789.3402557691037,779.50964
121,0.31376786470784235,0.6267841,712.0087266555339,857.2201
122,0.42922778534575134,0.5221964,765.5717392267405,808.70087
123,0.42401847169131446,0.55688703,763.1550864937544,824.7942
124,0.2558350393778117,0.4880688,685.1331092612576,792.86865
125,0.310215027495125,0.6546821,710.3605299199322,870.16223
126,0.7514665900045396,0.6029549,915.0615452954472,846.16547
127,0.2299372149110126,0.42696154,673.1188493360986,764.52045
128,0.29259830455293856,0.5052627,702.1879558595791,800.8451
129,0.2848700908132751,0.4623772,698.6027601708628,780.9501
130,0.5068411422361425,0.5122259,801.5773521515135,804.0754
131,0.2412393087696041,0.48592168,678.3620037751805,791.8726
132,0.3794596184960721,0.2979957,742.4837886038121,704.6919
133,0.43023941886536043,0.4701719,766.0410461397273,784.5661
134,0.3713045467958811,0.5288444,738.7005692357138,811.7849
135,0.3855058887608813,0.34146628,745.2887138836287,724.8583
136,0.36816417934978296,0.3628428,737.2437213523598,734.7751
137,0.2538182053278206,0.37902734,684.1974797633602,742.2832
138,0.3804283317465089,0.5813827,742.9331843744342,836.1579
139,0.48947960406908364,0.37899542,793.5231608619317,742.2685
140,0.26374522976025605,0.29607493,688.8027257355685,703.8008
141,0.4143299042562807,0.36056063,758.6604631088384,733.7163
142,0.32285542965714287,0.38981077,716.2245389731912,747.28577
143,0.38520617096505205,0.3962416,745.1496717989198,750.2691
144,0.2743575556758795,0.40760484,693.7258899235201,755.54065
145,0.38514751543850134,0.4909685,745.1224609131973,794.21387
146,0.37347919764164494,0.52047676,739.7094115244153,807.9031
147,0.27712907470199877,0.3969056,695.0116253338441,750.57715
148,0.2236593745010047,0.43504578,670.2064963486423,768.27075
149,0.5547182565842383,0.4702477,823.788024595525,784.60126
150,0.3909251759045387,0.5374607,747.8027754194322,815.7821
151,0.22867333660009304,0.31957567,672.5325235402532,714.70306
152,0.2629150769494937,0.3630335,688.4176095394615,734.8635
153,0.4144193166241683,0.40126592,758.7019424010354,752.6
154,0.26701142737963135,0.48376578,690.3179474954663,790.87244
155,0.40672700845753984,0.41640747,755.1334036669507,759.62427
156,0.7858764542528556,0.51521826,931.0246256537487,805.4636
157,0.26049901394575303,0.38670665,687.2967737349053,745.84576
158,0.5285354700493639,0.3720386,811.6415679154202,739.04114
159,0.19180152984232524,0.47339186,655.4273234155878,786.0599
160,0.47906542218601844,0.44417906,788.6919176734767,772.5078
161,0.37756166496858623,0.19459113,741.6033089699216,656.72144
162,0.29726306511352374,0.5434867,704.3519849630796,818.57764
163,0.4430401963569741,0.2712507,771.9794549132338,692.28455
164,0.3080049585892928,0.34515336,709.3352568387427,726.5688
165,0.6293982078516069,0.31944063,858.4328012976997,714.6404
166,0.34331438559602434,0.48752984,725.7156533624408,792.61865
167,0.2716437190986136,0.5996851,692.4669139784372,844.6486
168,0.3557797629467827,0.3634063,731.4984666543138,735.0365
169,0.43009273669006376,0.38430256,765.9729988107842,744.73047
170,0.5186644294625389,0.32051492,807.0622934094113,715.1388
171,0.7767479451257377,0.46429983,926.7898189222807,781.84204
172,0.44277248265965197,0.42630395,771.8552598500818,764.21533
173,0.3967985162900667,0.4922088,750.5274767977711,794.78925
174,0.32947917810820426,0.4142967,719.2973621623337,758.645
175,0.3562946489628187,0.4228719,731.7373274295275,762.62317
176,0.32544951679600853,0.51495516,717.4279619554884,805.34155
177,0.28416583721110933,0.27203035,698.2760498774751,692.6463
178,0.650300905632639,0.5538123,868.1297719679701,823.36774
179,0.23004262388476904,0.5459001,673.1677496138334,819.6972
180,0.2786471670969557,0.33657277,695.7158835871503,722.5882
181,0.39297895248125947,0.52454156,748.7555429251569,809.78876
182,0.4162063702031067,0.51152164,759.5309744390382,803.74866
183,0.5421111148508786,0.37612677,817.9394453879518,740.9377
184,0.2867237962358502,0.37133977,699.4627126661021,738.7169
185,0.38758985771535226,0.49472532,746.2554879355215,795.95667
186,0.40126954847121565,0.091009915,752.6016333674451,608.66907
187,0.6226849961345655,0.4179584,855.3184752042258,760.34375
188,0.261493774225088,0.45649195,687.7582529828813,778.2199
189,0.39759267050339875,0.42444584,750.8958928842985,763.35333
190,0.29312481789929135,0.49818286,702.4322106696794,797.56067
191,0.3383474686719805,0.41135034,723.4114508983058,757.2782
192,0.3307357359027505,0.56090933,719.8802918973782,826.6601
193,0.3947266314478388,0.41487625,749.5663086864715,758.91394
194,0.22842433399480977,0.4329468,672.4170087399367,767.29706
195,0.2992655539725344,0.53648895,705.2809595833313,815.33124
196,0.46398635869796956,0.36207086,781.6965892278134,734.417
197,0.23612434121595216,0.5484505,675.9891191424534,820.8804
198,0.4660046884692155,0.43444124,782.6329126057683,767.9903
199,0.42647850485295113,0.598129,764.2963204945603,843.9267
200,0.38963570912077317,0.57775533,747.2045788749742,834.47516
201,0.32717950716332456,0.443511,718.230521798598,772.1979
202,0.23622573768681865,0.59854126,676.0361579799452,844.118
203,0.3091948102031856,0.4760461,709.8872409090651,787.29126
204,0.3131929709206813,0.5640689,711.742027674808,828.1259
205,0.4278735459691414,0.4139673,764.943494028294,758.49225
206,0.3724684890501275,0.33138546,739.2405336948258,720.1817
207,0.34087525555288933,0.37778515,724.5841165274817,741.707
208,0.37394553804548836,0.29751807,739.9257515043453,704.4703
209,0.46907901234205185,0.4971109,784.0591222145997,797.0634
210,0.2859921718364291,0.6304997,699.1233047859729,858.94385
211,0.4398600479705308,0.41527316,770.5041522535727,759.098
212,0.27565666242354747,0.4138753,694.3285585436978,758.4496
213,0.4110498350898839,0.34589922,757.138806199467,726.9148
214,0.397772361373131,0.37856132,750.9792532769025,742.0671
215,0.4816471422092561,0.35093063,789.8896034270784,729.2489
216,0.4124301084564579,0.5529552,757.7791288263754,822.97015
217,0.3815382173140738,0.51031554,743.4480713956588,803.1892
218,0.14308376938458522,0.37204623,632.8266668291135,739.0447
219,0.3545996672028502,0.45459625,730.9510084296913,777.3404
220,0.7995568913946751,0.501637,937.3711173415863,799.1631
221,0.565335280210278,0.38520214,828.7133680983478,745.14777
222,0.5055823056869453,0.41432822,800.9933652793833,758.6597
223,0.5359242824756578,0.43399167,815.0693119385347,767.7818
224,0.314044301819441,0.4314195,712.1369685978624,766.5885
225,0.4456066191915493,0.30552736,773.1700441479387,708.1859
226,0.4038133931983805,0.40335226,753.7817483921872,753.5679
227,0.2859297287479545,0.5285084,699.0943368123725,811.629
228,0.40312430857089976,0.610748,753.4620751379492,849.78076
229,0.45866240998105723,0.31901532,779.2267561422119,714.44305
230,0.38534887688709607,0.38559827,745.2158745041893,745.33154
231,0.3771471694822881,0.34900218,741.4110203660439,728.35425
232,0.3501349366001234,0.5509512,728.8797752253063,822.04047
233,0.27427839580993885,0.41083953,693.6891668695712,757.0412
234,0.3090313977090784,0.43272895,709.8114322178084,767.196
235,0.426677424042494,0.543173,764.3886010971388,818.43207
236,0.45360457198678383,0.49519223,776.8803744837662,796.1733
237,0.959432689418313,0.2938203,1011.539099893968,702.7549
238,0.41667049644816734,0.48930225,759.7462872485522,793.44086
239,0.33118840214403256,0.4175063,720.0902882964612,760.13403
240,0.4044572016790815,0.54982007,754.0804175888635,821.51575
241,0.251357265197091,0.45319635,683.0558250105163,776.691
242,0.2636648326158857,0.5036552,688.7654286957749,800.09937
243,0.35484255452919466,0.45206833,731.0636862909137,776.1677
244,0.30908038445081276,0.41501918,709.8341576575008,758.9802
245,0.5019368823956936,0.4215386,799.3022169354567,762.00464
246,0.41982913538111233,0.40601102,761.2116114574941,754.8013
247,0.3856355810054404,0.35653812,745.3488794136873,731.8503
248,0.359967026529868,0.35085273,733.4409801317232,729.21277
249,0.36123434936977894,0.45315778,734.0289038790364,776.67316
250,0.42263398238982663,0.49841917,762.5128080524513,797.67035
251,0.2813581823987259,0.47682342,696.9735507142987,787.6518
252,0.3721108066944836,0.6129757,739.0746012707776,850.8143
253,0.3985650120315156,0.49969932,751.3469718492439,798.26416
254,0.3078874042704083,0.5074774,709.2807222138666,801.87256
255,0.5903515108391968,0.4115911,840.3186478201584,757.3899
256,0.4098861522016297,0.33521056,756.5989620628343,721.95624
257,0.3208821187457924,0.49071723,715.3091002948378,794.0973
258,0.26919616386605116,0.40645462,691.3314686137934,755.007
259,0.2963545818169262,0.50172126,703.9305304707542,799.2022
260,0.36567996585170204,0.5976846,736.091269851509,843.7206
261,0.3241476268363399,0.43003017,716.8240021754125,765.944
262,0.14726452344922913,0.41334438,634.7661604757783,758.2033
263,0.2897174146219117,0.42914236,700.8514821920129,765.5321
264,0.3311784956005439,0.36171222,720.0856925518037,734.2506
265,0.3293315878327787,0.4359622,719.2288935566536,768.6959
266,0.29111648095176434,0.3139434,701.5005230626442,712.09015
267,0.4580473525365829,0.35704565,778.9414248389478,732.08575
268,0.48568560291313045,0.54468316,791.7630857597775,819.1326
269,0.332529549927147,0.47854567,720.7124601736798,788.4508
270,0.37126579082673006,0.49902716,738.6825899538004,797.9524
271,0.47718612727770227,0.39473748,787.8200939597326,749.57135
272,0.37323556812170255,0.4339908,739.5963893521559,767.7813
273,0.633154540413607,0.4418636,860.175401562176,771.4336
274,0.4623644362695809,0.6798317,780.9441631829892,881.8294
275,0.41266613869918234,0.4131489,757.8886256178888,758.1126
276,0.27438101434420537,0.43282396,693.7367726345032,767.24005
277,0.49485562498299007,0.48937178,796.0171507607962,793.47314
278,0.35810411890431926,0.3619812,732.5767586424396,734.37537
279,0.3656160087092877,0.55516154,736.0615994931351,823.99365
280,0.3773821271308546,0.39512128,741.5200195703941,749.7494
281,0.2929794334576814,0.42701858,702.3647653723798,764.5469
282,0.26595259690508555,0.5063504,689.8267454427928,801.34973
283,0.4163249568275935,0.31041008,759.5859879608133,710.451
284,0.28428072156816375,0.28364754,698.3293458803404,698.03564
285,0.38671847593074227,0.5602843,745.8512452058754,826.3702
286,0.3789017938170218,0.40896478,742.2250081531464,756.1715
287,0.4394844921396788,0.36248952,770.3299281455188,734.6112
288,0.4780894254093371,0.43318206,788.2391430021448,767.4062
289,0.3236792157495969,0.41128123,716.6067015849644,757.24615
290,0.25335755132019155,0.6490513,683.9837777595368,867.5501
291,0.40621791720294587,0.43340456,754.8972311395572,767.5094
292,0.2000935496482219,0.37532097,659.2740743803388,740.56384
293,0.22636496924806115,0.38553438,671.4616488262163,745.30194
294,0.4558194791927208,0.34067035,777.9078921007903,724.4891
295,0.44406965663581044,0.41210604,772.4570318382154,757.6288
296,0.48644248656678024,0.40647188,792.1142116607083,755.0151
297,0.4336287623330204,0.34597704,767.6133964909435,726.95087
298,0.2716971439903706,0.44543222,692.4916983203369,773.0892
299,0.44022382700313334,0.4988654,770.6729129870703,797.8773
300,0.19271917463137522,0.48072004,655.8530280159395,789.45953
301,0.39947491831365634,0.48759043,751.7690864788025,792.6468
302,0.36996924839323686,0.4939717,738.081110944629,795.6071
303,0.49742635888105435,0.42662495,797.2097399409938,764.36426
304,0.5318589567331942,0.41516843,813.1833666456005,759.0495
305,0.3940789154905189,0.43135077,749.2658267722902,766.5566
306,0.32370784745686887,0.44041336,716.6199841204804,770.76086
307,0.39712227093634156,0.41575342,750.6776698179343,759.32086
308,0.7092926095352368,0.6094533,895.4966137280734,849.1802
309,0.31219808446824104,0.45372844,711.2804898938658,776.93787
310,0.43099055501363237,0.4804463,766.389505715399,789.3325
311,0.4745307451064089,0.32997662,786.5882355985235,719.52814
312,0.6572513613778415,0.5237103,871.3541579401675,809.40314
313,0.4642920466947318,0.5194069,781.8384009484779,807.40674
314,0.24487282839844782,0.38914263,680.047629890998,746.9758
315,0.42239070550503577,0.38260272,762.3999494711675,743.9419
316,0.3850441090789505,0.43403935,745.0744896682322,767.8039
317,0.4581356621830899,0.39972258,778.9823925676616,751.884
318,0.38581129500261646,0.44793567,745.4303948953166,774.2505
319,0.3676551258931331,0.4857831,737.0075663598108,791.80835
320,0.3208908940261863,0.5472461,715.3131712352252,820.32166
321,0.3004493603803027,0.5392122,705.8301392220392,816.59467
322,0.2877697847310401,0.53184843,699.9479571960451,813.1785
323,0.24947234639897276,0.3630577,682.1813923180157,734.87476
324,0.37182912685909164,0.3893431,738.9439271764184,747.06885
325,0.5172312122080169,0.52284074,806.3974095830835,808.99976
326,0.4305207282259831,0.47682112,766.1715483671338,787.65076
327,0.2909659570113621,0.45383856,701.4306935004248,776.9889
328,0.5451412287836488,0.5788362,819.3451455631853,834.9766
329,0.17334058296195654,0.44276723,646.8631054223104,771.8528
330,0.4080219691532936,0.30559808,755.7341488921567,708.2187
331,0.3222490173641801,0.47733787,715.9432182422238,787.8905
332,0.6092093689881173,0.5689478,849.0669969227388,830.3893
333,0.41606445939186987,0.41539672,759.4651405936288,759.1554
334,0.3896487833487132,0.65115714,747.2106441401472,868.52704
335,0.3017225415297917,0.68607,706.4207806977888,884.72345
336,0.357105150029859,0.35893375,732.1133269850702,732.9616
337,0.3006668568678321,0.38402748,705.9310380190535,744.6029
338,0.29503525675843645,0.3995301,703.3184823738651,751.7947
339,0.3364325838776263,0.43121547,722.5231166802869,766.49384
340,0.4370955431114363,0.4147355,769.2216707855209,758.84863
341,0.4603926992054146,0.31958646,780.0294546280937,714.708
342,0.36256576008962615,0.47790384,734.6465586351683,788.1531
343,0.4686208169838988,0.42925578,783.8465608028715,765.5847
344,0.2578550706755598,0.36510044,686.0702219943836,735.82245
345,0.47668640908506155,0.5939958,787.5882696895738,842.0093
346,0.21456532829894992,0.5596446,665.9876773129754,826.0734
347,0.3710896877112482,0.43420008,738.6008939562953,767.8784
348,0.4318009166367911,0.43265393,766.7654405815297,767.1612
349,0.3681193720906688,0.4830216,737.2229348164783,790.5272
350,0.4241582752662414,0.19922689,763.219942771153,658.872
351,0.3339828230825419,0.5458233,721.3866481331183,819.66156
352,0.29044582706811206,0.51305157,701.1894000149015,804.45844
353,0.3053290827499464,0.35034448,708.0938912598473,728.977
354,0.5250633667330891,0.5793394,810.0308244422682,835.21
355,0.19488954445846463,0.4960359,656.8598842972384,796.5647
356,0.46680136452488186,0.44663,783.0024986001903,773.64484
357,0.2601749697992295,0.4307376,687.1464464126798,766.2722
358,0.43621643247360087,0.4626166,768.8138425635224,781.06116
359,0.2916954644176959,0.5371645,701.7691192862764,815.64465
360,0.5048860667628083,0.43763918,800.6703730753347,769.4739
361,0.36237167440809404,0.35525566,734.556520345324,731.2553
362,0.28598910824943635,0.63522065,699.1218835573102,861.1339
363,0.35018451918333593,0.5463197,728.9027770818228,819.8919
364,0.48522584567736615,0.52442306,791.549799777396,809.73376
365,0.2287851849856386,0.2774552,672.5844111255551,695.16296
366,0.32297815812340613,0.37011537,716.2814739368131,738.14886
367,0.5340417841728098,0.39490843,814.1960021380115,749.6507
368,0.39460826528017723,0.46111494,749.5113974368237,780.3645
369,0.46545084390874525,0.51047677,782.3759785719403,803.264
370,0.30122314885112544,0.4856578,706.1891074368201,791.75024
371,0.3032602777354483,0.4681703,707.1341519114508,783.6376
372,0.28830962715621133,0.43068552,700.198395499191,766.24805
373,0.38819322551029933,0.4587381,746.5353962933937,779.2619
374,0.30634912466276254,0.42115667,708.5670989105841,761.82745
375,0.31251475048861366,0.37113595,711.4273944295384,738.6224
376,0.25816138798992716,0.39375722,686.2123256617825,749.11664
377,0.450784627442961,0.47977173,775.5721739911937,789.0196
378,0.34089812793677843,0.378949,724.5947272552478,742.2469
379,0.5504318469609788,0.44695136,821.7995162779417,773.7939
380,0.3784648667649799,0.36571026,742.0223133214514,736.10535
381,0.43789330353357525,0.1863338,769.5917598284005,652.8908
382,0.29122540191462876,0.31496546,701.5510525872701,712.5643
383,0.4535820109001101,0.40066117,776.8699081698934,752.3194
384,0.3290865642696881,0.48893017,719.1152246738278,793.26825
385,0.7470424388050318,0.37983292,913.0091372822864,742.657
386,0.3040848781796617,0.55703825,707.5166923091541,824.86426
387,0.40507365495764325,0.52082384,754.3663964335287,808.0641
388,0.3394861679556853,0.7117392,723.9397048907815,896.63165
389,0.7201039370016546,0.5714715,900.5120967268123,831.56
390,0.34323721023481624,0.36004853,725.679850940096,733.4788
391,0.3913896387479574,0.36298943,748.0182443802928,734.84314
392,0.48226436062135636,0.4180578,790.1759372248488,760.3899
393,0.35228484573505536,0.37079796,729.8771395867668,738.4655
394,0.2798258077192839,0.35301274,696.2626667662994,730.2148
395,0.3393149799012305,0.4282657,723.8602890392709,765.1254
396,0.4886539330748565,0.48458502,793.1401238253642,791.2525
397,0.37443673883949224,0.32760707,740.1536244680443,718.4289
398,0.27847431387098487,0.36008912,695.6356952459104,733.4976
399,0.6271698901476224,0.5370705,857.3990624164347,815.6011
400,0.23319904813986403,0.5327554,674.6320464115588,813.59924
401,0.4220368948960074,0.29499286,762.2358131891182,703.2988
402,0.3291250724974877,0.59179926,719.1330890260492,840.9903
403,0.464737503891705,0.46489275,782.0450529997662,782.11707
404,0.33457664854710534,0.43062586,721.6621297084372,766.22034
405,0.3652859410205924,0.53722143,735.9084777894195,815.6711
406,0.6198155134725407,0.4042106,853.9872934829002,753.966
407,0.4287074051540165,0.4986123,765.330329648441,797.75995
408,0.38815193914804125,0.4172535,746.5162431367967,760.0168
409,0.46119254798512355,0.39852658,780.4005124809479,751.32916
410,0.41475817973726925,0.43892998,758.859144390147,770.0727
411,0.38334879925754795,0.4666145,744.288018477414,782.91583
412,0.32456260212532473,0.50077194,717.0165133645578,798.7618
413,0.4015726184671027,0.4390817,752.7422305713056,770.14307
414,0.5590322562778556,0.35819462,825.7893322228363,732.6188
415,0.29486903670261433,0.38187435,703.2413712266341,743.604
416,0.3623672076770703,0.4188686,734.5544481841043,760.766
417,0.3841699482449694,0.36797905,744.6689577097735,737.15784
418,0.3952655994879426,0.51610476,749.8163413536348,805.8748
419,0.2645716687891988,0.4788125,689.1861190711262,788.5746
420,0.22498941715618326,0.4203329,670.8235164458844,761.4453
421,0.25531222041853563,0.43626982,684.8905683142913,768.8386
422,0.5465546623693927,0.34895986,820.0008515475952,728.33466
423,0.27851406326400063,0.43228433,695.6541353870956,766.9897
424,0.28851091506124327,0.5187638,700.2917749725882,807.1084
425,0.4209805847315913,0.29915547,761.7457803335341,705.2299
426,0.2058747663265148,0.298072,661.9560386490255,704.7273
427,0.35520582932221534,0.4215189,731.2322131026234,761.9955
428,0.1838483809403677,0.49830216,651.7377780541964,797.616
429,0.5146765006045644,0.5325679,805.2122533056886,813.51227
430,0.3386666530744411,0.56153923,723.5595237366299,826.95233
431,0.4157269741541365,0.46876624,759.3085778146884,783.91406
432,0.33903696088752167,0.42819205,723.7313132367236,765.09125
433,0.3370008185376516,0.5776942,722.7867264252977,834.4468
434,0.355218110005763,0.49560586,731.2379102346118,796.3652
435,0.4828915073174478,0.49509695,790.4668768529132,796.1291
436,0.29033809565998125,0.348697,701.1394223366202,728.2127
437,0.45499201223585817,0.55752724,777.5240218991843,825.0911
438,0.29760961549202936,0.668251,704.5127531515376,876.457
439,0.42233563035304433,0.43420374,762.3743995570312,767.8802
440,0.3666979218222235,0.5505598,736.5635098127417,821.8589
441,0.3880354643084034,0.40442586,746.4622092931453,754.0659
442,0.27602358683742256,0.42630923,694.498778451043,764.21783
443,0.5461118335902946,0.28489673,819.7954188456613,698.6151
444,0.3827640492173121,0.48555666,744.016747082257,791.70325
445,0.398298281956325,0.4816806,751.2232330982417,789.9051
446,0.16917884716682563,0.49848774,644.9324345411852,797.70215
447,0.4324715398657677,0.54419273,767.0765494082616,818.90515
448,0.30686238455775294,0.594015,708.8052053119724,842.0182
449,0.43815369345387833,0.39496976,769.7125573181057,749.6791
450,0.25445195817375343,0.49162242,684.4914840504426,794.5172
451,0.33561841034032125,0.40053928,722.1454134290385,752.2629
452,0.3612478711106968,0.56121206,734.0351767499579,826.8006
453,0.47568481772361393,0.4124318,787.1236214342482,757.7799
454,0.3456472800558812,0.6769768,726.7979064472362,880.505
455,0.5826495297344338,0.5213635,836.7456217132777,808.31445
456,0.4469328699388877,0.3011227,773.7853051411888,706.1425
457,0.44094237047994755,0.49386817,771.0062524963037,795.5591
458,0.39212472800705256,0.56803703,748.359259643497,829.96674
459,0.4679780137205898,0.299267,783.5483579366023,705.2816
460,0.3798999938301415,0.4247825,742.688083128046,763.5096
461,0.2557947912376646,0.540503,685.1144377462872,817.1935
462,0.3533123339318043,0.24913684,730.3538016431337,682.02576
463,0.33693203616363565,0.42652023,722.7548175936985,764.3157
464,0.32630068858916594,0.48937708,717.8228290678618,793.4756
465,0.40700475617446985,0.42040658,755.2622536122075,761.4795
466,0.46353999159165893,0.5167342,781.4895150604782,806.1668
467,0.25817899604666517,0.41773212,686.2204942155041,760.23883
468,0.3289032248883639,0.47249976,719.0301717001863,785.64606
469,0.24427369291542655,0.37486112,679.7696849449802,740.3505
470,0.521340238246683,0.42571723,808.3036278807273,763.9432
471,0.27598963893303363,0.51589686,694.4830296784862,805.7784
472,0.37241558337174174,0.42931417,739.2159902212047,765.6118
473,0.5306833555012065,0.4576656,812.637993470045,778.76434
474,0.3145618504454111,0.35723817,712.3770645844687,732.17505
475,0.5138906610949243,0.42469552,804.8476944934077,763.4692
476,0.25162119412427963,0.46394593,683.1782642809297,781.67786
477,0.3897814817470089,0.49556723,747.2722042550063,796.3473
478,0.2563482352109041,0.2989479,685.3711859436903,705.1336
479,0.4457014688079124,0.40799838,773.2140458341131,755.7232
480,0.35669666136775646,0.44846377,731.923825007046,774.4955
481,0.5038317890303721,0.38276058,800.1812830852842,744.01514
482,0.6415010889041353,0.701039,864.0474489293866,891.66766
483,0.41464695538582785,0.35890254,758.8075463005106,732.94714
484,0.6403923115755008,0.3110545,863.5330760312918,710.75
485,0.4594899105351662,0.5040578,779.6106419299167,800.28613
486,0.3590429903834951,0.5234363,733.0123105167523,809.27606
487,0.4674167524062922,0.5140746,783.2879831964557,804.93304
488,0.34758754012193327,0.44488508,727.6980125077217,772.8353
489,0.37280074411807984,0.37380433,739.3946701456674,739.8603
490,0.2680868548285076,0.41865295,690.8168490506149,760.66595
491,0.44590389486503956,0.44064397,773.3079533076567,770.8678
492,0.35997378681227343,0.37204227,733.44411629438,739.0428
493,0.28748356728184565,0.44621247,699.8151780572357,773.4511
494,0.30355750947377436,0.30220068,707.2720406892064,706.64264
495,0.3314573973767794,0.44228253,720.2150778767208,771.6279
496,0.4397728040204263,0.49681482,770.4636789120842,796.926
497,0.39212347372542933,0.44194672,748.3586777697006,771.47217
498,0.4033282874898394,0.5331299,753.5567029996267,813.77295
499,0.32101594986839666,0.64678216,715.3711858918385,866.49744
500,0.30679882976956896,0.3417536,708.7757216097522,724.99164
501,0.29315085310052336,0.48165387,702.4442886600606,789.8927
502,0.3291822728878748,0.43848255,719.1596248595441,769.8651
503,0.24725657022504088,0.37754995,681.1534715780431,741.59784
504,0.42328311811933994,0.37007833,762.8139486131605,738.1317
505,0.3878579458586635,0.52034914,746.3798567079148,807.8439
506,0.3580548844119269,0.37696594,732.5539182687378,741.32697
507,0.7251371973790743,0.52949536,902.8470765828557,812.0869
508,0.6084708491150912,0.4410587,848.7243901634025,771.06024
509,0.3192706849562337,0.43012452,714.5615400345247,765.9878
510,0.47162267555487447,0.5938493,785.239153033022,841.94135
511,0.2984619252103835,0.3127966,704.9081481587967,711.55817
512,0.48391450457682184,0.34658328,790.9414555184918,727.2321
513,0.36359111905980135,0.46893197,735.1222329220209,783.9909
514,0.603448757419164,0.54734844,846.3945915704666,820.3691
515,0.30930293824632793,0.541926,709.9374025902972,817.8536
516,0.3323498916167853,0.32986563,720.6291148856936,719.4766
517,0.43438017619268354,0.3763765,767.9619848997086,741.0535
518,0.34218071107731163,0.45323065,725.1897304087269,776.7069
519,0.4408226246595235,0.5554261,770.9507012119334,824.11646
520,0.34434805781058486,0.46366957,726.1951842465529,781.5496
521,0.3054482562222931,0.50383514,708.149177026217,800.18286
522,0.28396652392987654,0.3317155,698.183586451818,720.33484
523,0.41318194389532215,0.38867533,758.1279128099507,746.7591
524,0.2540379345845485,0.41700533,684.2994143643486,759.9016
525,0.267534043732095,0.50179553,690.5603944511049,799.2367
526,0.3856594865334526,0.45158538,745.3599694273506,775.94366
527,0.7068435177845969,0.46410674,894.3604555573178,781.75244
528,0.32736801066705135,0.36354822,718.3179704602986,735.10236
529,0.4914374086272437,0.3396185,794.4314059878708,724.0011
530,0.3274739048753763,0.48271027,718.3670958432054,790.3828
531,0.26670576188884354,0.39817017,690.1761462155487,751.1638
532,0.3084543889447562,0.41443658,709.5437520780133,758.70996
533,0.47581355736030395,0.6314458,787.1833450399838,859.3827
534,0.4868923276677326,0.34404886,792.3228974489215,726.0564
535,0.36164723284085776,0.5730635,734.2204446529228,832.2986
536,0.7176901930480457,0.3752812,899.3923367528186,740.5454
537,0.36374177179874545,0.38343853,735.1921222351727,744.32965
538,0.11223933751516024,0.4146114,618.5176262300392,758.7911
539,0.35743154382786124,0.63411593,732.2647443341292,860.6214
540,0.46333562774350256,0.36877444,781.3947086262851,737.52686
541,0.5353082022518838,0.54205,814.7835061577186,817.91113
542,0.32725013849331197,0.41259688,718.2632883793747,757.8565
543,0.34145904568887286,0.5077348,724.8549426134505,801.99194
544,0.3826969995023175,0.46325088,743.9856420485162,781.3554
545,0.45119365164592784,0.40241402,775.7619244119838,753.13257
546,0.21595227407694328,0.4667151,666.631095338311,782.9625
547,0.2516378991299024,0.4603685,683.1860139002023,780.01825
548,0.3539959259556822,0.4837528,730.6709268235968,790.86646
549,0.3550797331410389,0.4442333,731.1737158223532,772.53296
550,0.49179657013173905,0.41992015,794.5980246038727,761.25385
551,0.2787403048002701,0.55211776,695.7590910997307,822.5816
552,0.3161671414008884,0.46713316,713.1217751225812,783.15643
553,0.4311678364749367,0.42353165,766.4717483593228,762.92926
554,0.416230247386858,0.47947168,759.5420513035153,788.88043
555,0.49836040501143875,0.48240116,797.6430532877158,790.23944
556,0.348715460808958,0.31460032,728.221266201338,712.3949
557,0.5046376837531161,0.62733936,800.555145711613,857.4777
558,0.3104720227551008,0.36816168,710.4797525927416,737.2426
559,0.4800230519373181,0.44426063,789.1361716979385,772.54565
560,0.35632027481039996,0.45008516,731.7492155166537,775.2477
561,0.38458515957724493,0.37718505,744.8615784017635,741.4286
562,0.3701378225254741,0.361816,738.1593141714658,734.2987
563,0.5272060562882772,0.6047362,811.0248395684406,846.9919
564,0.6727479969802665,0.35516903,878.5432022682611,731.21515
565,0.29461260697028413,0.4080522,703.1224109077585,755.7482
566,0.3069558200182765,0.36762583,708.8485509571016,736.994
567,0.4352139629419747,0.4466375,768.3487869162633,773.6483
568,0.33964935366472004,0.43267214,724.0154083741737,767.1696
569,0.2214551279192556,0.6064309,669.1839243018579,847.7781
570,0.4709835252311405,0.37996724,784.9426448019761,742.7193
571,0.4213405818411373,0.46896026,761.9127865950808,784.004
572,0.3748165678134756,0.45165652,740.3298309299574,775.9766
573,0.31319570340756964,0.38033667,711.7432953028191,742.8907
574,0.29724328102777653,0.3820091,704.3428069277256,743.6665
575,0.2708043077318756,0.3804578,692.0775026455644,742.94684
576,0.5671106415255409,0.42266062,829.5369759782292,762.52515
577,0.45161324171421,0.37622017,775.9565764434246,740.98096
578,0.5335033114929069,0.37605444,813.9461992734024,740.9041
579,0.33004193414552496,0.37641853,719.5584303194482,741.073
580,0.3741224081587555,0.44763288,740.0078033197983,774.11005
581,0.5092177694942646,0.40319794,802.6798933190507,753.4962
582,0.4049265184090687,0.4400336,754.2981383162752,770.58466
583,0.4010526646558581,0.47339272,752.5010187951822,786.0603
584,0.22209175498667477,0.57577866,669.4792619690496,833.55817
585,0.3931145281368522,0.39235324,748.8184378284683,748.4653
586,0.42116158089066946,0.5252861,761.8297462629274,810.13416
587,0.2781856367197135,0.55095255,695.5017750266937,822.0411
588,0.4300767133869643,0.36091495,765.965565440134,733.88074
589,0.521835051665053,0.50759655,808.5331767770207,801.9278
590,0.3588272968407633,0.43484306,732.9122481238713,768.17676
591,0.3015548724446737,0.47172,706.3429973313672,785.2843
592,0.5625261336855254,0.44354936,827.4101769148759,772.21564
593,0.3435506977303582,0.31821412,725.8252809262925,714.0714
594,0.3929205195756911,0.40554145,748.7284353155358,754.58344
595,0.5424070930521194,0.56689847,818.0767526373096,829.4386
596,0.5423130833682381,0.41113496,818.0331406042186,757.17834
597,0.3141413208543704,0.33416033,712.1819766990187,721.469
598,0.2837512355795633,0.4579786,698.0837120317548,778.90955
599,0.5650060183515364,0.47297105,828.5606202272116,785.8647
600,0.2759604238317046,0.37266815,694.4694765006293,739.3332
601,0.33407851728113247,0.57400125,721.4310416294397,832.7336
602,0.49888810363634994,0.46357408,797.8878579604002,781.5053
603,0.429119898121054,0.411155,765.5216892635948,757.1876
604,0.2948801541843262,0.29172438,703.246528737651,701.78253
605,0.3812380107236515,0.44754857,743.3088025542469,774.0709
606,0.35135566894266046,0.4554291,729.4460851746647,777.7268
607,0.32670925972745435,0.45473617,718.0123693074138,777.40533
608,0.4485439250938532,0.4839704,774.5326897491252,790.9674
609,0.30835256883186024,0.4566827,709.4965167087448,778.30835
610,0.3831654094927752,0.40693766,744.2029421303865,755.23114
611,0.3352638586430088,0.48349157,721.9809333487183,790.74524
612,0.3276391135670176,0.59842515,718.4437378084724,844.0641
613,0.3297329615260125,0.41247043,719.4150948294213,757.7978
614,0.32624189395023895,0.42640197,717.7955536465158,764.26086
615,0.512061178419285,0.4572063,803.9989791728647,778.5513
616,0.45648167390209937,0.44298786,778.2150908529379,771.9552
617,0.33872913607886024,0.47014353,723.5885102276364,784.5529
618,0.41110761688698205,0.47950932,757.1656117533532,788.8978
619,0.45445396646487923,0.39699507,777.274417081897,750.61865
620,0.3893337415923215,0.4669336,747.0644931167892,783.06384
621,0.44935142391279914,0.3643502,774.907296531734,735.4744
622,0.6056016346374191,0.39286366,847.3933328554817,748.7021
623,0.37952757369035806,0.51044077,742.5153136984571,803.24725
624,0.37849472922589067,0.49480435,742.0361668158963,795.99335
625,1.0244751573616016,0.48867694,1041.712951641488,793.1508
626,0.5130981634894132,0.50830626,804.4800469238259,802.2571
627,0.41038086305059696,0.5996623,756.8284633761554,844.63806
628,0.29723743842302186,0.41789,704.3400964849139,760.312
629,0.35434900725146634,0.48933637,730.8347247699339,793.4567
630,0.25061040590386674,0.40590256,682.7093495106989,754.7509
631,0.26961467200185196,0.47350392,691.5256187259292,786.1119
632,0.4548053638076601,0.4252597,777.4374338255849,763.73096
633,0.4057694383383761,0.44483674,754.6891773064335,772.8129
634,0.3463314606303871,0.4468869,727.1153046622252,773.764
635,0.3400817583259852,0.4254163,724.2160052235325,763.8035
636,0.41203730320212917,0.44729012,757.5969025381587,773.95105
637,0.35141726540130613,0.39768296,729.4746603882155,750.9378
638,0.2516780032639301,0.47859362,683.2046186092928,788.473
639,0.35390502135218416,0.4824851,730.6287552683675,790.2783
640,0.7767505889598376,0.52635986,926.791045423376,810.63226
641,0.1944068117251312,0.4303258,656.6359397516228,766.0811
642,0.2999304496809232,0.43327188,705.5894113559482,767.4479
643,0.3519871957836862,0.32161868,729.7390567957955,715.6508
644,0.23834774263061465,0.37579027,677.0205773079055,740.78156
645,0.46914695076036095,0.46953392,784.0906395267012,784.2702
646,0.36720553504489106,0.4186661,736.7989966663341,760.67206
647,0.361258142560243,0.45307425,734.039941778187,776.63434
648,0.23228688852936097,0.4479084,674.2088864404243,774.2379
649,0.6697182682206291,0.4876388,877.1376807786983,792.6692
650,0.3542480183498966,0.35854325,730.7878750079175,732.78046
651,0.4458979739977236,0.3127873,773.3052065580597,711.55383
652,0.44314454945312054,0.5203347,772.0278653587793,807.83716
653,0.39060270125649077,0.36711925,747.6531762032553,736.759
654,0.37612794458677556,0.4796471,740.9381917378099,788.96173
655,0.33552664986046077,0.5180455,722.1028448242001,806.77515
656,0.3701971432427922,0.3687019,738.1868336458417,737.49316
657,0.4217023074168951,0.5247596,762.0805947093995,809.8899
658,0.3491542221516819,0.4858961,728.4248119788358,791.8608
659,0.45829614461668666,0.2942301,779.0568419745268,702.945
660,0.3542538841468652,0.36612386,730.7905962098292,736.2972
661,0.2846933435266412,0.50608087,698.520765335914,801.2247
662,0.3732719467117742,0.4500514,739.6132657441243,775.232
663,0.36089747852158816,0.45610863,733.8726261215529,778.04205
664,0.3310861536362071,0.40516192,720.0428541904979,754.40735
665,0.36986431571847045,0.46106538,738.0324316267619,780.3415
666,0.4790373177047891,0.52796066,788.6788797233978,811.37494
667,0.5590924711322474,0.46446294,825.8172664963482,781.91766
668,0.36080763511587066,0.5956914,733.8309468665933,842.79584
669,0.3699334867695572,0.41939616,738.0645207695437,761.0108
670,0.314873056325615,0.3891602,712.5214361064783,746.984
671,0.37332549094424916,0.3270038,739.6381054493772,718.149
672,0.2676459922605203,0.45569077,690.6123284936908,777.8482
673,0.4226682766990113,0.45033163,762.5287175256592,775.362
674,0.35533409971926977,0.42647633,731.2917190233965,764.2953
675,0.34725986071810966,0.48593777,727.5459987532573,791.88007
676,0.35983385220849673,0.4036409,733.3791992313869,753.7017
677,0.3936389380932186,0.36039564,749.0617168549055,733.6398
678,0.36467609351853536,0.614973,735.6255634305777,851.7408
679,0.30178148861378795,0.39539993,706.4481268399278,749.87866
680,0.37251086372233244,0.47521865,739.2601917292976,786.9074
681,0.5220067854859767,0.46223623,808.6128458150575,780.8847
682,0.46973545353836155,0.39969644,784.3636518544603,751.8718
683,0.5767479285594845,0.4607017,834.0078098719255,780.17285
684,0.23562655833963642,0.4767351,675.7581926849042,787.61084
685,0.19001342019705203,0.33111796,654.5978014578444,720.0576
686,0.50796753519129,0.49954382,802.0998971150243,798.1921
687,0.4033638796564196,0.41912785,753.573214561868,760.8863
688,0.545819025869474,0.45447674,819.6595824138968,777.285
689,0.361610706048209,0.51209146,734.2034995082957,804.013
690,0.44110511941460917,0.41165942,771.0817533556933,757.4216
691,0.19148738130168774,0.40477014,655.2815867639565,754.2256
692,0.36437664927956126,0.4234233,735.4866482516313,762.879
693,0.4119052462569812,0.39808565,757.5356399998337,751.1246
694,0.3696097969643619,0.5321545,737.9143578298062,813.3205
695,0.4409346678446988,0.31139165,771.0026791667328,710.9064
696,0.3945668105786617,0.59731084,749.4921661859607,843.5471
697,0.3109907697895342,0.45328963,710.7204045330265,776.7343
698,0.3162960971382138,0.48585486,713.181598979564,791.8416
699,0.41522436777381677,0.40373147,759.0754136853637,753.7438
700,0.45233661450790197,0.5210272,776.2921563210837,808.15845
701,0.3532803328261158,0.41403258,730.3389560099754,758.5226
702,0.3612103861269096,0.46085063,734.0177870908733,780.2419
703,0.3875136704787465,0.36137265,746.2201439140676,734.0931
704,0.35857228865679325,0.3567528,732.7939472755053,731.9499
705,0.19081613078611115,0.50521916,654.9701869326938,800.8249
706,0.32758454340821963,0.3598654,718.418422165732,733.3938
707,0.43713487353848257,0.41117975,769.2399165642005,757.19904
708,0.2751244160781534,0.43199715,694.0816441379732,766.85645
709,0.4048992058142935,0.6382826,754.2854677302466,862.5544
710,0.3986369572914852,0.36295158,751.3803479752875,734.82556
711,0.36500490734287894,0.44600087,735.7781034540733,773.35297
712,0.27959590106937804,0.37026402,696.1560107707724,738.21783
713,0.5426200197061826,0.52045023,818.1755314428494,807.89075
714,0.2748268753147316,0.37505203,693.9436120003833,740.4391
715,0.3392811250325407,0.39725637,723.844583426906,750.7399
716,0.25767971435051606,0.40367836,685.9888724404357,753.7191
717,0.357947870310368,0.42798233,732.5042733561531,764.99396
718,0.2586568406014458,0.41950202,686.4421710861739,761.0599
719,0.4223236051498045,0.3929329,762.3688209449142,748.7342
720,0.3992562357812457,0.45246443,751.6676374636992,776.35144
721,0.2519483692240798,0.0,683.3300440837112,566.44867
722,0.8434177857965708,0.6118936,957.7186251629433,850.31226
723,0.31997383825868275,0.4727255,714.8877398878633,785.7508
724,0.35903648579377667,0.4790057,733.0092929724916,788.66425
725,0.9325574753627432,0.56798923,999.0714191580113,829.9446
726,0.3614513609535768,0.4747269,734.1295777243573,786.6792
727,0.720985789520201,0.48005244,900.9211969347102,789.1498
728,0.2939221787352937,0.5756007,702.8021143405516,833.4756
729,0.41850626894055853,0.459319,760.5979204780275,779.5314
730,0.42801545961938947,0.5434846,765.0093291907492,818.5766
731,0.3529662180217126,0.41952202,730.1932350089206,761.0691
732,0.32537720050772867,0.4341793,717.3944137056989,767.86884
733,0.17771978028879376,0.32769024,648.8946588840938,718.46747
734,0.33040443472359415,0.40124425,719.7265979650946,752.5899
735,0.41375505070335716,0.3482982,758.3937827931779,728.0277
736,0.4348384913296319,0.4819346,768.1746018780185,790.02295
737,0.4820897348907489,0.5099928,790.0949266009708,803.0394
738,0.2788198063253584,0.3835197,695.795972652777,744.3673
739,0.4646739842304526,0.44500938,782.0155855932811,772.893
740,0.3120029740799397,0.31999975,711.1899762322972,714.8998
741,0.44024379778141065,0.33542317,770.6821776309572,722.0548
742,0.4536389929353204,0.4806981,776.8963427062367,789.44934
743,0.33009004337874637,0.40117222,719.5807486741603,752.55646
744,0.39824959208255817,0.43151182,751.2006453785702,766.63135
745,0.351897924105085,0.37738448,729.6976427707663,741.5211
746,0.4313092007745498,0.44785783,766.5373286725212,774.21436
747,0.33820431956442376,0.45032352,723.3450425948421,775.3583
748,0.3745815422141274,0.32847172,740.2208002025596,718.83
749,0.3920719353574076,0.505508,748.3347686050398,800.95886
750,0.4406937517628655,0.5051019,770.8909157855652,800.7705
751,0.31222125593967776,0.38374606,711.2912393713382,744.4723
752,0.37466774571789574,0.37514785,740.2607908705812,740.4835
753,0.4147870054536238,0.29203683,758.8725169284178,701.9275
754,0.26982573517811836,0.42575186,691.6235330454716,763.9592
755,0.3629955309376023,0.5415861,734.8459336321863,817.69586
756,0.33127546337293245,0.38302112,720.1306768717543,744.13605
757,0.43367888675714705,0.42006698,767.6366497128822,761.32196
758,0.3575772213205055,0.41351402,732.3323255807362,758.282
759,0.14730165236822113,0.4705282,634.7833849528413,784.7314
760,0.23620677091128583,0.42336294,676.0273591029784,762.85095
761,0.33335842302567475,0.4654091,721.0969826984752,782.3566
762,0.34756717133472237,0.57544035,727.6885632235077,833.4012
763,0.2726004095625223,0.41150585,692.9107322580791,757.35034
764,0.6094027786438809,0.51485896,849.1567215974643,805.29694
765,0.33170985807827424,0.46647575,720.3321969224744,782.85144
766,0.34323730990127466,0.48632085,725.6798971763634,792.0578
767,0.3466592681365317,0.38052744,727.2673778446382,742.9791
768,0.32838683630469045,0.3917327,718.7906138688098,748.1774
769,0.44819448840850495,0.35968578,774.3705825740402,733.31055
770,0.37155314153734076,0.38210616,738.8158948239212,743.71155
771,0.3992749599255119,0.45778313,751.6763237815935,778.81885
772,0.44198555071805057,0.23964626,771.4901942476822,677.623
773,0.19117890982963326,0.46943167,655.1384837612502,784.2227
774,0.6584003926198154,0.46664602,871.8872050314743,782.9304
775,0.3647219431584421,0.48748296,735.6468335373398,792.5969
776,0.5337259677040977,0.4309219,814.0494917178556,766.35767
777,0.8225864724247669,0.57037216,948.0547704344451,831.05005
778,0.49291464801367213,0.52923864,795.1167121217118,811.9678
779,0.3777041138264339,0.5277494,741.669392420538,811.2769
780,0.3227879991907405,0.26224032,716.1932573050623,688.1046
781,0.35133682950725786,0.44640762,729.4373453720585,773.5416
782,0.28141689028707906,0.3484309,697.0007858911853,728.0893
783,0.587564876408081,0.48253408,839.0259002221992,790.3011
784,0.2836849837131681,0.4174758,698.0529771279631,760.1199
785,0.33323525153787026,0.3977062,721.0398422127272,750.94855
786,0.8748741957179911,0.5204835,972.3115685042958,807.9062
787,0.47722213826509163,0.36497837,787.8367998171382,735.7658
788,0.3249193232038381,0.39913467,717.1819998425258,751.61127
789,0.4900437027475282,0.42964214,793.7848518836992,765.764
790,0.3165241665409786,0.41585135,713.2874026577573,759.36633
791,0.24504078466752888,0.46792376,680.1255464849338,783.5232
792,0.26289093178602574,0.46032745,688.4064083565123,779.9992
793,0.23981522147991852,0.4162452,677.7013554309023,759.54895
794,0.3867175271703691,0.5407475,745.8508050664442,817.3069
795,0.5432753487738067,0.48572597,818.4795451550839,791.7818
796,0.32587592291255785,0.40509897,717.6257760199272,754.3781
797,0.15416390244471767,0.604078,637.9668514326672,846.6865
798,0.38121298460346686,0.29716203,743.2971926866612,704.3051
799,0.31569637289731634,0.5372326,712.9033809028758,815.6762
800,0.41575190600599643,0.4500469,759.3201439502549,775.23
801,0.38001743769495255,0.26745853,742.7425665121721,690.5253
802,0.40000850704834123,0.3680878,752.0166236323521,737.2083
803,0.34622807407584144,0.48115963,727.0673426050002,789.66345
804,0.41332017131668985,0.5220746,758.1920378939408,808.64435
805,0.2980047222927211,0.46050954,704.6960471501433,780.0837
806,0.5430406605264644,0.4743396,818.3706709286574,786.4996
807,0.2917569113180305,0.48378393,701.79762511823,790.88086
808,0.37609290319040745,0.36966842,740.9219356833815,737.9415
809,0.4550452358960111,0.47123855,777.548712887729,785.061
810,0.37732169188218934,0.46393916,741.4919830537732,781.6747
811,0.412581414435349,0.5839406,757.8493211840756,837.3446
812,0.37044383885542764,0.36127728,738.3012782091832,734.0488
813,0.5225269482176049,0.38469404,808.8541545114376,744.9121
814,0.29790092296573656,0.3275243,704.6478936036534,718.3905
815,0.26164530147316745,0.5112478,687.8285479895721,803.62164
816,0.42656028990875705,0.30743277,764.3342614003574,709.0698
817,0.26276683021535363,0.26684517,688.3488363960147,690.2408
818,0.4326579985044925,0.45036128,767.1630494366251,775.3758
819,0.38948549385447206,0.5033592,747.1348925097592,799.9621
820,0.33929001359345023,0.4944074,723.8487069192582,795.8092
821,0.43040313704098976,0.55338,766.1169966397009,823.16724
822,0.3643023925659301,0.4686612,735.452199819104,783.8653
823,0.27116200438769855,0.5882107,692.2434417036087,839.3255
824,0.32558377602258304,0.52336276,717.490246154205,809.24194
825,0.30556787229473903,0.38469,708.2046681192019,744.9102
826,0.39239505646220163,0.41791144,748.4846677189703,760.32196
827,0.3152335345450825,0.388086,712.6886655597319,746.48566
828,0.36729871016094284,0.36083618,736.8422215350577,733.8442
829,0.5827227145118399,0.4697136,836.7795728638637,784.3535
830,0.3820084358868465,0.47520956,743.6662104969632,786.90314
831,0.32720605139975323,0.5256171,718.2428359355009,810.2877
832,0.29450530044138645,0.41115284,703.0726303352052,757.1866
833,0.40475015974365913,0.41839707,754.2163237666014,760.5473
834,0.3833025311674443,0.46155128,744.2665542474182,780.5669
835,0.39486148852333125,0.418911,749.6288702332837,760.7857
836,0.4836298002916475,0.5377413,790.8093783516133,815.9123
837,0.41990523359753085,0.45125,761.2469141815923,775.7881
838,0.3920929513956315,0.5165619,748.3445181554757,806.0869
839,0.34022477249609606,0.41475803,724.2823509281649,758.8591
840,0.45787973815607197,0.46859327,778.8636668505409,783.8338
841,0.34019543321018775,0.37873906,724.2687401398389,742.14954
842,0.415183898163906,0.44171923,759.0566394283537,771.36664
843,0.339083689177027,0.37679577,723.752990957827,741.24805
844,0.3611208890215827,0.43627602,733.9762684881302,768.8415
845,0.3348888124252962,0.47344345,721.8069456552994,786.0838
846,0.5904776166838419,0.57006735,840.3771495834085,830.9086
847,0.4191754193920503,0.39136922,760.9083460685464,748.0088
848,0.3919465010559715,0.44347686,748.2765783774045,772.182
849,0.3636573690416174,0.37453255,735.1529669515373,740.19806
850,0.4349496790213536,0.55226743,768.2261829608441,822.65106
851,0.42899918238063295,0.43122193,765.4656880236321,766.4968
852,0.4097140953684111,0.37312427,756.5191431761615,739.54474
853,0.36201041805897116,0.40326765,734.3889299099367,753.52856
854,0.34899517991552886,0.4615222,728.3510306939766,780.5534
855,0.21148962633182422,0.38965043,664.5608283924129,747.21136
856,0.537425646903612,0.29230118,815.7658099205546,702.0501
857,0.3484543633880963,0.28841096,728.100140495044,700.2454
858,0.42405639692063524,0.4281211,763.1726803871475,765.05835
859,0.37082682040368264,0.35965627,738.4789471818483,733.2968
860,0.3398232550836735,0.698179,724.0960829826273,890.34094
861,0.5654557282638188,0.52035505,828.769245155688,807.84656
862,0.45691457001540603,0.3753207,778.4159156918167,740.5637
863,0.39246989678966826,0.3378048,748.5193868957962,723.1597
864,0.4266774230651129,0.41701627,764.3886006437219,759.90674
865,0.20586250391414818,0.3875504,661.9503499932207,746.2372
866,0.34580255150311134,0.41002506,726.8699384253806,756.6634
867,0.34476171064531935,0.37851626,726.387081935938,742.04614
868,0.3973774571506634,0.4354395,750.7960532563621,768.4534
869,0.3186033973609086,0.27793166,714.2519786416228,695.3839
870,0.33104507181614595,0.3648957,720.023795923073,735.7275
871,0.2884579125232922,0.45651898,700.2671865648456,778.23236
872,0.28541818942990305,0.41703188,698.8570286038437,759.91394
873,0.30296164238334744,0.42041618,706.9956119832193,761.48395
874,0.3252349406655968,0.41531914,717.3284179413645,759.1194
875,0.3123447933863577,0.48948437,711.3485496290707,793.5254
876,0.24237303575695335,0.43506193,678.8879510696199,768.27826
877,0.5875441851127878,0.40866715,839.0163013232585,756.03345
878,0.43662900001918903,0.5354839,769.0052367764122,814.865
879,0.45823731327963513,0.46089867,779.0295495285537,780.26416
880,0.39782860370262996,0.4954338,751.0053446563643,796.2854
881,0.39086583012974185,0.434846,747.7752443206411,768.1781
882,0.5362791330895302,0.38848397,815.2339306892384,746.6703
883,0.31544315364583286,0.38431904,712.7859099581917,744.7381
884,0.3842519677356131,0.43753815,744.7070073722379,769.427
885,0.35138485639778616,0.5202207,729.4596255271713,807.78424
886,0.5620276648088747,0.3721065,827.1789322149066,739.0726
887,0.23890921634960094,0.3955707,677.2810505847127,749.9579
888,0.3211564877799937,0.43524203,715.4363828353668,768.3618
889,0.2845364825567711,0.47581744,698.447995962311,787.1852
890,0.2087784751094015,0.64309585,663.3030982103137,864.7873
891,0.48573982978745045,0.40862316,791.7882421494133,756.01306
892,0.42770032337442987,0.5060243,764.863134333199,801.1984
893,0.40515776335831344,0.35226506,754.4054151622577,729.868
894,0.46998884645634575,0.3732323,784.4812033647719,739.59485
895,0.45408507206439697,0.4959266,777.1032832780513,796.514
896,0.37494226553535603,0.4292308,740.388143360973,765.5732
897,0.43715049628797753,0.45316046,769.2471641140253,776.6743
898,0.342133667195452,0.3555313,725.1679062811722,731.3832
899,0.4174685071671529,0.4943167,760.1164924066437,795.76715
900,0.44815423280736644,0.46748927,774.3519075978412,783.32166
901,0.19869491722100774,0.35090932,658.6252348014834,729.239
902,0.532371114839866,0.31982732,813.4209619163623,714.81976
903,0.5506861787692088,0.3894542,821.9175033488336,747.12036
904,0.303106113392521,0.39989683,707.0626335300711,751.9648
905,0.6765506524078331,0.5715028,880.3072921736186,831.5746
906,0.5556747620451516,0.4635385,824.2317570504259,781.48883
907,0.45939260760002165,0.34725428,779.5655021246097,727.54346
908,0.30672605508443374,0.3785984,708.7419607050743,742.0842
909,0.32893978585995276,0.47545895,719.0471327007657,787.0188
910,0.35453580445430655,0.458819,730.9213818615785,779.2994
911,0.42662858423744376,0.42679578,764.3659438228447,764.4435
912,0.36484263019872576,0.38388062,735.7028214630216,744.5347
913,0.41690979377475634,0.6931839,759.8572996729634,888.0236
914,0.38168570688364967,0.33309,743.5164932828874,720.9725
915,0.36214387034186934,0.4349858,734.4508397594068,768.2429
916,0.367086069324827,0.3229971,736.7435753233239,716.2903
917,0.3595586915686755,0.44611636,733.2515494570893,773.40656
918,0.4129250390258994,0.47340137,758.0087320702232,786.06433
919,0.497613814147952,0.40155786,797.2967023151398,752.73535
920,0.40449041281568987,0.6097778,754.0958245674742,849.33075
921,0.38577807262155783,0.43050706,745.4149827002929,766.1652
922,0.3122982681301403,0.32360733,711.3269660971413,716.57336
923,0.329929050016444,0.48474947,719.5060622423558,791.3288
924,0.40890978500195696,0.40641496,756.1460155485698,754.98865
925,0.5168908695567158,0.3383596,806.2395212213954,723.4171
926,0.4482366353059646,0.42119703,774.3901349415283,761.8462
927,0.3256220827506524,0.41334632,717.5080170286851,758.20416
928,0.36396899181446307,0.62822104,735.2975318742152,857.8867
929,0.9751193682766994,0.47130132,1018.8163071902319,785.0901
930,0.34177341908650183,0.47384712,725.0007835784903,786.27106
931,0.3502936741508651,0.43378514,728.9534151635543,767.6859
932,0.4234897856779667,0.41263396,762.9098237616937,757.8737
933,0.26243548720828835,0.5336716,688.1951230593455,814.0243
934,0.435874678259365,0.32974243,768.6552993636635,719.4195
935,0.6063040329519969,0.5455142,847.7191824623918,819.5182
936,0.5204283145809563,0.45832843,807.8805773667357,779.07184
937,0.4440057840082219,0.4500608,772.4274006871148,775.2364
938,0.4264279794105841,0.4403293,764.2728812362469,770.72186
939,0.7060156215632352,0.54483753,893.976386215615,819.2043
940,0.30489474086754176,0.39866123,707.8923957142163,751.3916
941,0.3034137503101879,0.37464118,707.2053493746457,740.2485
942,0.25100411256439537,0.53005654,682.891993970272,812.3472
943,0.4011075063798688,0.4213236,752.5264604197423,761.9049
944,0.32244216025492434,0.36901733,716.0328191619873,737.63947
945,0.2978519499281087,0.5094037,704.6251745214332,802.7662
946,0.36286863141074455,0.40177318,734.7870636718156,752.83527
947,0.3549889861481814,0.42312402,731.1316173842772,762.7401
948,0.4971018023383553,0.44450766,797.059174913055,772.6602
949,0.3902233991842692,0.30277792,747.477214176342,706.9104
950,0.4322691104934333,0.38081545,766.9826403967603,743.1128
951,0.41179549954229633,0.3988028,757.4847274006752,751.4573
952,0.393249542763477,0.6038623,748.8810724648273,846.5864
953,0.35242639332496695,0.35117108,729.9428049301688,729.3605
954,0.47593538251501144,0.39977115,787.2398609483357,751.9065
955,0.3214053474222891,0.28769037,715.5518313137227,699.9111
956,0.4512855090738981,0.3937313,775.8045379920205,749.10455
957,0.3938300323734485,0.5259262,749.1503674037514,810.4311
958,0.30495568214903,0.38104004,707.9206669845274,743.217
959,0.30878473386126726,0.4628332,709.6970023904868,781.1616
960,0.40772651010606076,0.5071655,755.5970824835382,801.72784
961,0.27847660321712,0.33724457,695.6367572964915,722.8998
962,0.37774544771581775,0.57396436,741.6885676254442,832.7165
963,0.3913352164792554,0.45908952,747.9929973452478,779.4249
964,0.4083879070442109,0.37190902,755.9039111416298,738.981
965,0.41475443766637476,0.4392291,758.8574084060127,770.2114
966,0.35425501659238456,0.41811857,730.7911215626378,760.418
967,0.44987884058452443,0.5315975,775.1519704035139,813.0621
968,0.3510950817865628,0.40520987,729.3251961853008,754.42957
969,0.4995341312431574,0.4518295,798.1875566318837,776.0569
970,0.3699515413370247,0.4550486,738.0728964640608,777.5503
971,0.29280816933980236,0.4946771,702.2853142342856,795.9343
972,0.39911116362169397,0.50045675,751.6003370371714,798.61554
973,0.2608088302233469,0.46614593,687.4405006063585,782.6984
974,0.31421089406570846,0.50502694,712.2142524079654,800.7357
975,0.39048415594169517,0.44577062,747.5981818454593,773.24615
976,0.7334488373567178,0.47965753,906.7029295416156,788.9666
977,0.33698161542376237,0.42020413,722.7778179086023,761.38556
978,0.45903518329937665,0.5515063,779.3996894148579,822.298
979,0.17314769422301346,0.42988986,646.7736224061108,765.8789
980,0.3696894847871517,0.37014258,737.9513258082205,738.16156
981,0.3297020939257842,0.55041605,719.4007750407887,821.7922
982,0.5815805277384893,0.4820149,836.2497009900427,790.06024
983,0.46402101387870576,0.46521682,781.7126661129454,782.2674
984,0.30989961291039836,0.40371564,710.2142059377787,753.7364
985,0.4412215337647498,0.4597541,771.1357591376617,779.7332
986,0.445226449082462,0.3848855,772.9936794300372,745.0009
987,0.5158259127278828,0.5688819,805.7454770916626,830.3587
988,0.386480453668272,0.38547546,745.7408242964682,745.2746
989,0.4202727728829252,0.36127245,761.4174193339882,734.04663
990,0.35102659345183285,0.4873594,729.2934237614688,792.5396
991,0.38791281018193713,0.3489332,746.4053088164992,728.32227
992,0.3564239178652935,0.5249453,731.7972965669569,809.9761
993,0.3325948210317,0.32641262,720.7427400922385,717.87476
994,0.4244090700251997,0.365292,763.3362889694931,735.9113
995,0.2963564211346461,0.47249156,703.9313837486502,785.6422
996,0.40276559027636094,0.36778772,753.2956621314813,737.0691
997,0.3245227164494626,0.3430192,716.9980100003964,725.5787
998,0.3205299588768331,0.54906887,715.1457298076252,821.16724
999,0.32595436569349423,0.3486479,717.6621664109668,728.18994
1000,0.32194907962430674,0.4384775,715.8040741232719,769.86273
1001,0.3823199231023775,0.319865,743.8107125332463,714.8373
1002,0.46251021109504764,0.45811978,781.0117895832665,778.97504
1003,0.33884859152082925,0.4740473,723.6439268025357,786.364
1004,0.48930227322852327,0.4190002,793.440895310477,760.8271
1005,0.4781714419726295,0.43644333,788.2771913065816,768.9191
1006,0.4125647699874826,0.45797318,757.8415996581523,778.907
1007,0.45855721565424856,0.33846858,779.1779554413441,723.46765
1008,0.2782082435963076,0.50328755,695.5122625829688,799.92883
1009,0.4774912253944503,0.32255948,787.9616320291557,716.0873
1010,0.44481077073000863,0.6134744,772.8008420827133,851.0456
1011,0.3615094039397244,0.48303527,734.1565044464572,790.53357
1012,0.3832820220206943,0.33975738,744.2570398490094,724.0655
1013,0.3162718121556001,0.462675,713.1703329331139,781.08826
1014,0.4472714088095908,0.43768722,773.9423567110074,769.49615
1015,0.39905935311918506,0.52358556,751.5763016265988,809.3453
1016,0.3226084990965641,0.434041,716.1099854151477,767.8046
1017,0.5581919395415644,0.5136991,825.3995008799678,804.75885
1018,0.3984435803350346,0.3968988,751.2906384701006,750.574
1019,0.4666762668140343,0.39713883,782.9444645202971,750.68536
1020,0.4266276345240092,0.45764217,764.3655032412787,778.7534
1021,0.3490558086190432,0.40512508,728.3791569562377,754.39026
1022,0.4486149696933768,0.45017248,774.5656480497751,775.2882
1023,0.5205042632099268,0.45620793,807.9158106957198,778.0881
1024,0.4149773294289454,0.4735832,758.9608101251082,786.1486
1025,0.30709091366184227,0.34335816,708.9112222502102,725.73596
1026,0.4933813243626306,0.5278147,795.3332079499423,811.3072
1027,0.375574596575023,0.5104347,740.6814880579009,803.24445
1028,0.41651727770926295,0.533151,759.6752075423414,813.7827
1029,0.5521949875894423,0.4499433,822.6174548589265,775.1819
1030,0.44556671785727664,0.41366014,773.151533519684,758.34973
1031,0.37873528431282044,0.56414324,742.1477627279158,828.16034
1032,0.26371428422217114,0.4142338,688.7883697907843,758.6159
1033,0.3602753794431872,0.39508808,733.5840281338458,749.734
1034,0.4387047371583441,0.41704625,769.9681920068056,759.9206
1035,0.3927902637903038,0.43389767,748.6680083532477,767.73816
1036,0.426640117638164,0.4024259,764.3712942828515,753.1381
1037,0.29469348106981674,0.5014316,703.1599292118248,799.0678
1038,0.41648488233770853,0.4287736,759.6601790053024,765.361
1039,0.6056208797025515,0.44335932,847.4022608337787,772.1275
1040,0.381516887009961,0.39325333,743.4381760541322,748.8829
1041,0.3798563666607049,0.5290489,742.6678440475748,811.87976
1042,0.4183140532405316,0.36657506,760.5087496913161,736.50653
1043,0.3946473863166948,0.407677,749.5295460771416,755.5741
1044,0.2713618378199605,0.48626888,692.3361464325333,792.0337
1045,0.3560888305144976,0.4298516,731.6418461917619,765.86115
1046,0.2120533465779928,0.3546424,664.8223438556606,730.9708
1047,0.33878776450604375,0.5133417,723.6157085416913,804.593
1048,0.4862230020082079,0.37101573,792.0123905776428,738.5666
1049,0.3817365484181581,0.47436276,743.5400791795082,786.5103
1050,0.31370951610188036,0.4087116,711.9816581533438,756.0541
1051,0.4218919271980526,0.48757017,762.1685612233705,792.6374
1052,0.4522684396228669,0.4205487,776.2605293097017,761.5454
1053,0.25153319841357513,0.5146453,683.1374421901762,805.19775
1054,0.34961241717530434,0.4115864,728.6373732353719,757.38776
1055,0.8224468266699307,0.42629156,947.9899873713659,764.2096
1056,0.4703956956759039,0.581639,784.669944788994,836.2768
1057,0.41741904254022555,0.33679062,760.0935452712282,722.6892
1058,0.3566568923893998,0.41031095,731.9053757800252,756.796
1059,0.3785683788052019,0.3672695,742.0703335927373,736.8287
1060,0.5445092858107334,0.42158476,819.0519808943068,762.02606
1061,0.36959847756767705,0.5096738,737.9091066484128,802.8914
1062,0.43755104214956475,0.3871817,769.4329813474081,746.06616
1063,0.3481196348154183,0.29273424,727.9448565606082,702.251
1064,0.37005048024349874,0.3655681,738.1187952128384,736.03937
1065,0.38060227820239256,0.48937184,743.0138798759705,793.47314
1066,0.4564130769686374,0.35253876,778.1832680490674,729.99493
1067,0.3128327052828037,0.45905083,711.5748968402812,779.4069
1068,0.381917490864619,0.43580148,743.624020191081,768.62134
1069,0.33035397936183153,0.56494224,719.7031912178749,828.53107
1070,0.31904267768187666,0.4663544,714.4557651783215,782.79517
1071,0.424245902965962,0.4089176,763.2605941379285,756.14966
1072,0.48329203193415293,0.42362356,790.6526842305826,762.9719
1073,0.36613577104888373,0.45064193,736.3027224436447,775.506
1074,0.49443276986815055,0.5961752,795.8209840415848,843.0203
1075,0.3887688597030763,0.49671328,746.8024387556939,796.87897
1076,0.37645412756960184,0.38021278,741.0895112875992,742.8332
1077,0.515929073916007,0.6013091,805.7933345991494,845.402
1078,0.35483697374750145,0.43176132,731.0610973104402,766.7471
1079,0.38462510829694185,0.39156651,744.8801110125908,748.10034
1080,0.29905968174376163,0.45337242,705.1854533962761,776.77264
1081,0.46851196253294547,0.35765472,783.7960621337868,732.3683
1082,0.3875905566664597,0.5173157,746.2558121859345,806.4366
1083,0.35829942181425856,0.34068662,732.6673616167226,724.4966
1084,0.4021311732168875,0.38708165,753.0013497090907,746.0197
1085,0.3716030712903373,0.424233,738.8390577359746,763.25464
1086,0.5152431832367899,0.33247784,805.4751430494722,720.6885
1087,0.5278300538329674,0.40965575,811.3143182736569,756.49207
1088,0.38293297934047743,0.38329175,744.0951154568477,744.26154
1089,0.39904965609911125,0.46493602,751.5718030819502,782.13715
1090,0.3156603236023552,0.37023717,712.8866572742044,738.2054
1091,0.6081103277799691,0.5022239,848.5571407083653,799.43536
1092,0.598619541934043,0.43018323,844.1542701818021,766.01495
1093,0.3099845783857389,0.3348238,710.2536222720239,721.7768
1094,0.6918130869341459,0.4535045,887.3876882788945,776.8339
1095,0.34713508788036607,0.25203013,727.4881153852481,683.368
1096,0.36037095192120927,0.52918476,733.6283651627773,811.94275
1097,0.18759010345595728,0.44809896,653.4736005719427,774.32623
1098,0.3767415094080495,0.3751193,741.222830598235,740.4703
1099,0.36087775651777854,0.7020011,733.863476886631,892.114
1100,0.3563372081577918,0.52666706,731.7570710659579,810.7748
1101,0.3831083467691654,0.35345903,744.1764701618872,730.4219
1102,0.38219708181230283,0.3874602,743.7537252295293,746.1953
1103,0.32361655063133443,0.37679923,716.5776306095235,741.24963
1104,0.4904865793903115,0.41773045,793.9903067900757,760.23804
1105,0.4378590698139593,0.42521235,769.5758784632999,763.7089
1106,0.11024305102376153,0.38986182,617.5915289501887,747.3095
1107,0.5944361051758746,0.41879132,842.2135320067661,760.73016
1108,0.4297538220616104,0.47529477,765.8157729231851,786.9427
1109,0.38167406681757754,0.47139868,743.5110933397564,785.1352
1110,0.346611287023598,0.5239126,727.2451189262096,809.49695
1111,0.3298480108070503,0.45349678,719.4684673421729,776.8303
1112,0.4152042991556264,0.43333653,759.066103652562,767.47784
1113,0.3618187849344452,0.3657871,734.3000293858298,736.141
1114,0.41425259682664395,0.5128234,758.6245994186279,804.3526
1115,0.4052261269702604,0.39902565,754.4371297259427,751.56067
1116,0.30964132730551697,0.43620947,710.0943846610553,768.8106
1117,0.47015847357500595,0.4556849,784.5598950825473,777.84546
1118,0.5285754274793322,0.3764768,811.6601045670295,741.10004
1119,0.5691097187544403,0.4238996,830.4643679091326,763.0999
1120,0.3685587716317087,0.3735805,737.4267766605612,739.7564
1121,0.6971796776427936,0.46467176,889.8773034111731,782.0146
1122,0.32403220405912214,0.3816569,716.7704563940456,743.5032
1123,0.44384662473201897,0.3973387,772.3535651062051,750.7781
1124,0.4123780378864248,0.5515538,757.754972767876,822.32
1125,0.41952514442634414,0.43211305,761.0705870115927,766.9103
1126,0.4847181467060273,0.47122318,791.3142731441368,785.05383
1127,0.36530850933827086,0.51124203,735.9189474578278,803.619
1128,0.4949906151294585,0.43934262,796.0797740405658,770.26416
1129,0.4040223210590821,0.50324833,753.8786721174713,799.91064
1130,0.31324142862121995,0.3006631,711.7645076869957,705.9293
1131,0.49573665660761157,0.46453097,796.4258701477879,781.9493
1132,0.35513382086980094,0.47291622,731.1988076609723,785.83923
1133,0.3575443176115156,0.49369326,732.317061220874,795.4779
1134,0.6268529298372398,0.34143555,857.2520213566818,724.84406
1135,0.4012009913095962,0.54592633,752.5698290141303,819.7094
1136,0.3559921640290318,0.47251078,731.5970016418297,785.6511
1137,0.4328798286894109,0.56775546,767.2659586792247,829.8361
1138,0.37908493003633925,0.29147038,742.3099668778999,701.6647
1139,0.3470658086962579,0.3786573,727.4559760784756,742.1116
1140,0.4594031832880827,0.501775,779.5704082921303,799.2272
1141,0.46429653226640677,0.38259286,781.8404818500643,743.9373
1142,0.3747407217326091,0.3835257,740.294645174065,744.37006
1143,0.5326913941689533,0.51107216,813.5695427021053,803.54016
1144,0.5686139443716463,0.49904352,830.2343732118268,797.95996
1145,0.32421453314349846,0.40734667,716.8550406808231,755.42084
1146,0.4679441442678407,0.4414197,783.5326455585464,771.22766
1147,0.4984335995218794,0.4293146,797.6770089535539,765.61206
1148,0.32024058838714553,0.3544631,715.0114879417791,730.8877
1149,0.38120946182969107,0.5021169,743.2955584366548,799.38574
1150,0.49303146623274197,0.43604994,795.1709052625177,768.73663
1151,0.4151362557383518,0.45258057,759.0345376303898,776.40533
1152,0.351978467115339,0.40614045,729.735007479203,754.8613
1153,0.47247461464864626,0.3991753,785.6343761038287,751.6301
1154,0.3966290671428929,0.43931484,750.4488676427492,770.2512
1155,0.48500709318071156,0.3709603,791.4483183051798,738.5409
1156,0.43181715126809506,0.4809692,766.7729719894487,789.57513
1157,0.37992726048519,0.47493753,742.7007324021756,786.7769
1158,0.4532562195708991,0.41602084,776.7187703121355,759.4449
1159,0.38549441104387117,0.34145027,745.2833892558522,724.8509
1160,0.3317420563092308,0.3204555,720.3471340040172,715.1112
1161,0.42094885367163926,0.47397298,761.7310599772951,786.32947
1162,0.4952416038650813,0.4148208,796.1962102266217,758.8882
1163,0.47161994315239064,0.5053796,785.2378854441672,800.89935
1164,0.4664552646309794,0.46935096,782.8419393960477,784.1853
1165,0.36582216559456815,0.3508492,736.1572377351927,729.2111
1166,0.40644826628096054,0.46352607,755.0040923819113,781.48303
1167,0.2708415455582611,0.3605895,692.0947776458571,733.7298
1168,0.3553121502324572,0.44277072,731.2815364368194,771.8545
1169,0.31032721102844807,0.3998349,710.4125729836418,751.9361
1170,0.30557367034453375,0.4801911,708.2073578925217,789.2142
1171,0.3636751244930265,0.45545548,735.1612038831217,777.739
1172,0.34190829028534164,0.32448277,725.0633516772647,716.97943
1173,0.27721457945366823,0.45790303,695.0512918437747,778.8745
1174,0.4693013815932354,0.51557726,784.1622815354341,805.6301
1175,0.43479705392762713,0.39583158,768.1553786525717,750.0789
1176,0.3381862133958462,0.43628398,723.3366429620537,768.8452
1177,0.3843260477894046,0.3528195,744.7413738504979,730.1252
1178,0.4966526870623227,0.4032907,796.8508258422853,753.53925
1179,0.3977115370840085,0.3830154,750.9510362805205,744.13336
1180,0.35856516441209463,0.45529336,732.7906422670985,777.6638
1181,0.5089756337511073,0.5943294,802.5675641247899,842.16406
1182,0.45135321006502815,0.3211608,775.8359451592778,715.4384
1183,0.30531277365122,0.42150736,708.0863253057457,761.9902
1184,0.8833449669536597,0.54291975,976.2412440460523,818.3146
1185,0.4400535127413485,0.24927899,770.5939024967232,682.0917
1186,0.3336427566974989,0.496427,721.228887934112,796.7461
1187,0.5733128681292241,0.33468312,832.4142509642774,721.71155
1188,0.33213214906236077,0.46753123,720.5281019357843,783.3411
1189,0.41134433312051333,0.35519907,757.2754267828665,731.22906
1190,0.5325358592030127,0.5430243,813.4973884749942,818.3631
1191,0.3380073865398898,0.41529837,723.2536833940864,759.10974
1192,0.5113096627947713,0.33490938,803.650343554367,721.81647
1193,0.4431448447578483,0.4468239,772.0280023535976,773.73474
1194,0.4601945332511621,0.49562398,779.9375234589038,796.3736
1195,0.6819557434268575,0.4420695,882.8147679851468,771.5291
1196,0.29859363485019186,0.52126706,704.9692495786992,808.2697
1197,0.29817223850282404,0.5253864,704.7737595963155,810.18066
1198,0.3296733092390558,0.5129246,719.3874215365721,804.39954
1199,0.413722848462456,0.44533446,758.3788438513817,773.0438
1200,0.347678186938438,0.40132868,727.7400644729852,752.6291
1201,0.30195946631571857,0.37973797,706.5306924768453,742.6129
1202,0.5716256522609966,0.40675288,831.6315346393318,755.1454
1203,0.39148543610970443,0.41854048,748.0626857350347,760.61383
1204,0.3672929538176122,0.45533973,736.8395511097839,777.6853
1205,0.4610836351613665,0.37645012,780.3499867321353,741.08765
1206,0.3085212523725356,0.39177948,709.5747706912508,748.1991
1207,0.5066775734116553,0.51724887,801.5014709370292,806.40564
1208,0.6538252070460089,0.48114914,869.7647306607017,789.65857
1209,0.3561897583735023,0.523614,731.6886676355217,809.35846
1210,0.22782248950692074,0.38110963,672.1378070594523,743.24927
1211,0.33924929189300057,0.45760378,723.8298157149246,778.73566
1212,0.4109580251839302,0.44897485,757.0962146653694,774.7326
1213,0.3366328026499399,0.40412614,722.6160001723175,753.9268
1214,0.3051361936360246,0.46506175,708.0044080696912,782.19543
1215,0.4242966057843167,0.5655156,763.2841156827375,828.797
1216,0.3526939109530811,0.4417091,730.0669090348532,771.36194
1217,0.32831577109486343,0.4247856,718.7576460068339,763.511
1218,0.322181113027195,0.39246547,715.9117167407895,748.51733
1219,0.23391263833802722,0.43171316,674.9630880452593,766.72473
1220,0.3421534041922145,0.418787,725.1770624714751,760.72815
1221,0.5477442078382604,0.49140984,820.5526935941768,794.41864
1222,0.33872429518026226,0.36248553,723.5862644863348,734.6094
1223,0.4541964516397672,0.29051936,777.1549533776216,701.2235
1224,0.47355246926171035,0.33051544,786.1344036447322,719.7781
1225,0.3709738070967328,0.45497647,738.5471357796245,777.51685
1226,0.31512557715265266,0.3091245,712.6385830450729,709.8546
1227,0.5538334059162184,0.32446116,823.3775335160843,716.9694
1228,0.31666686355001694,0.42138958,713.3536012281943,761.93555
1229,0.411178302700399,0.4280269,757.198403609538,765.01465
1230,0.3451034346174846,0.34020665,726.5456111061976,724.2739
1231,0.46376724110738476,0.3261162,781.5949383848697,717.73724
1232,0.32353378213907447,0.27975553,716.5392334777142,696.23004
1233,0.38341943014766655,0.4487348,744.320784854131,774.6212
1234,0.5637500086787177,0.42850628,827.9779447713214,765.23706
1235,0.30974212239752874,0.4444766,710.1411445128784,772.6458
1236,0.39559999499931164,0.42355818,749.9714707775964,762.9415
1237,0.4969837896198057,0.3561618,797.0044276319871,731.67566
1238,0.4365770742670583,0.56554264,768.9811479003868,828.8096
1239,0.46942897569959485,0.47547868,784.2214737181862,787.028
1240,0.277077721254374,0.4453107,694.987801955606,773.0328
1241,0.563580165422745,0.4946561,827.8991527852838,795.9246
1242,0.17847826159829938,0.35915118,649.2465259535636,733.0625
1243,0.4124569139796517,0.40800226,757.7915641768233,755.72504
1244,0.2524297181457915,0.38626513,683.553346665268,745.6409
1245,0.40676592904803877,0.4952028,755.1514593183548,796.1782
1246,0.4763349557186627,0.5341013,787.4252269559688,814.22363
1247,0.3737399416260434,0.38266572,739.8303732679973,743.9711
1248,0.4800185981517806,0.39795297,789.1341055422594,751.06305
1249,0.35927560845814255,0.42622453,733.1202243693498,764.17847
1250,0.2912049379612618,0.389692,701.541559154524,747.2307
1251,0.3854544663207602,0.52620566,745.2648584990811,810.5608
1252,0.2927889964271533,0.4144203,702.2764197282477,758.7024
1253,0.41894538870543685,0.45133513,760.8016325311495,775.8276
1254,0.39127554620286253,0.49908334,747.9653157069191,797.97845
1255,0.4440621086694829,0.41718596,772.4535302611048,759.9854
1256,0.480270858297855,0.5398538,789.2511315483465,816.8923
1257,0.3275664124491766,0.47760037,718.4100110323985,788.01227
1258,0.44230716840373385,0.3303632,771.6393959104428,719.70746
1259,0.45821631574838895,0.41219082,779.0198085636899,757.66815
1260,0.4090352097925194,0.42655426,756.2042013640158,764.3315
1261,0.4088529452306453,0.46773192,756.1196470098728,783.4342
1262,0.40825477174992963,0.41910636,755.8421483463511,760.87634
1263,0.38138391088876644,0.42414007,743.3764871008412,763.2115
1264,0.4040638707588593,0.39682585,753.8979474389786,750.54016
1265,0.37526157231151136,0.4142154,740.5362729696786,758.60736
1266,0.4293983120462359,0.4200164,765.6508482695263,761.2985
1267,0.5122935296371756,0.39223695,804.1067692279422,748.4113
1268,0.5048026451883851,0.42415303,800.6316729721747,763.2175
1269,0.3184660287889789,0.50942785,714.1882519864813,802.77734
1270,0.30776996773876797,0.44849414,709.2262422316718,774.5096
1271,0.4804935243151063,0.508302,789.3544285419295,802.25507
1272,0.4404700416787375,0.4666473,770.7871344389104,782.931
1273,0.3933892977357518,0.4055101,748.9459061949692,754.56885
1274,0.4587976219809491,0.41097137,779.2894823420047,757.1024
1275,0.6242589241769789,0.4218989,856.0486361731247,762.1718
1276,-0.025798143731003753,0.4300737,554.4806573629534,765.9642
1277,0.37792298319227635,0.5321118,741.7709281095398,813.30066
1278,0.30226009575642654,0.4261539,706.670157482736,764.14575
1279,0.384293266703579,0.34115243,744.7261663767488,724.7127
1280,0.43475154684396045,0.49705377,768.1342674610772,797.0369
1281,0.368267261068433,0.38470143,737.2915419931624,744.9155
1282,0.4127869041605996,0.43185425,757.9446499239192,766.7902
1283,0.37962779731523155,0.5072242,742.5618084409563,801.75507
1284,0.5136690526278249,0.41004455,804.744888107923,756.6725
1285,0.4479491277655385,0.42121312,774.2567573164869,761.85364
1286,0.4082191344575703,0.38815767,755.8256158498094,746.5189
1287,0.5970946694322976,0.46061292,843.4468665691094,780.13165
1288,0.34890678172484657,0.3947086,728.3100218887338,749.5579
1289,0.3755317363346151,0.3741006,740.6616047634807,739.9977
1290,0.4409420893682696,0.51101166,771.0061220857832,803.5121
1291,0.4009670099260778,0.42997164,752.4612827089052,765.9168
1292,0.47360551391112904,0.49339843,786.1590115884061,795.3412
1293,0.39038434345049056,0.40460536,747.5518778319832,754.1491
1294,0.40300381676408237,0.47264153,753.4061777830261,785.7118
1295,0.6496935416129814,0.43118158,867.8480097214651,766.47815
1296,0.39107591608861636,0.40133232,747.8727052992566,752.63074
1297,0.3232948813821739,0.44665527,716.4284050259498,773.65656
1298,0.3937535448271652,0.538134,749.114884065633,816.0944
1299,0.5660810523796234,0.40705717,829.0593392705191,755.28656
1300,0.526173186880736,0.4060186,810.5456811145383,754.8048
1301,0.4043838884170421,0.45415908,754.0464068329704,777.13763
1302,0.3168789867765538,0.2925564,713.4520073156648,702.1685
1303,0.4111296461759848,0.4672597,757.1758313609648,783.21515
1304,0.43192038508355624,0.33347568,766.8208631894839,721.15137
1305,0.34207613245608814,0.39507893,725.1412153398413,749.72974
1306,0.3427110593586542,0.4762179,725.4357642835444,787.3709
1307,0.5139059010598124,0.5581282,804.8547644656229,825.36993
1308,0.29567937915869824,0.46642983,703.6172972009671,782.83014
1309,0.5359557002849118,0.4631798,815.0838869746402,781.3224
1310,0.32086215734641765,0.4456914,715.2998400019176,773.20935
1311,0.36500090200194024,0.47117653,735.776245336331,785.03217
1312,0.5224348325574291,0.39661103,808.8114211348967,750.4405
1313,0.46082213018244067,0.5028953,780.2286719555769,799.7468
1314,0.32648611444232656,0.44795614,717.9088499766672,774.26
1315,0.627689797665576,0.39394355,857.6402527166373,749.20306
1316,0.42373870731725916,0.41751564,763.0253010010769,760.13837
1317,0.3776834719293829,0.5152975,741.6598164379361,805.5003
1318,0.39566223210231466,0.41702276,750.0003431924754,759.9097
1319,0.4134049696610804,0.43903637,758.2313766944658,770.1221
1320,0.3236526745646142,0.51120603,716.5943888636579,803.6023
1321,0.42368839126584046,0.45508626,763.0019588813198,777.56775
1322,0.41873650557475006,0.48213527,760.7047295565668,790.116
1323,0.3992566368275814,0.39171082,751.6678235131076,748.16724
1324,0.4347864734528857,0.4697693,768.1504702644621,784.37933
1325,0.4865134753503437,0.4876799,792.1471440677757,792.68823
1326,0.39950363177582204,0.43559116,751.7824069412317,768.52374
1327,0.44036310432234904,0.2611911,770.7375251291783,687.6178
1328,0.36104449165239805,0.4598163,733.9408269840703,779.762
1329,0.6813835811063262,0.4524891,882.5493361591239,776.36285
1330,0.4131703183487434,0.6058796,758.122519602558,847.5223
1331,0.38605604108111247,0.39926672,745.5439350502621,751.67255
1332,0.38762888614328705,0.50153565,746.273593613791,799.1161
1333,0.3861292745974825,0.50542223,745.5779088113412,800.9191
1334,0.3935303341791936,0.43348715,749.0113344124089,767.54767
1335,0.41441162423240385,0.36003792,758.6983738235194,733.4739
1336,0.39005247074291116,0.45032877,747.3979187619449,775.3607
1337,0.43737793660368784,0.5659503,769.3526759524389,828.9987
1338,0.36906368574232196,0.42986578,737.6610113690622,765.8677
1339,0.4328646661779132,0.5096953,767.2589246384123,802.9014
1340,0.4113938548465066,0.3972575,757.29840040711,750.7404
1341,0.4362661626313662,0.44598302,768.8369128813507,773.34467
1342,0.4664501039348785,0.46209612,782.8395452974843,780.8197
1343,0.3909169210401988,0.43118638,747.79894590526,766.48035
1344,0.5095363951079994,0.3812913,802.8277069296932,743.33356
1345,0.45141070637565317,0.51335156,775.8626182731323,804.5976
1346,0.36174049208469805,0.40142328,734.2637085493692,752.673
1347,0.5025014465809776,0.2954901,799.5641239105054,703.5295
1348,0.44697816971757676,0.5005026,773.8063201618297,798.63684
1349,0.43017052809437395,0.44566804,766.0090870216887,773.19855
1350,0.5259967704541504,0.45590225,810.4638397688768,777.9463
1351,0.39922291654847086,0.4934836,751.6521803381952,795.3807
1352,0.4474270048084965,0.65456784,774.0145392519217,870.10925
1353,0.4475551316664672,0.45315272,774.0739785834775,776.6708
1354,0.3902966417100422,0.26600802,747.5111921169732,689.8525
1355,0.4358497947973068,0.35933006,768.6437556766102,733.1455
1356,0.6229366249148989,0.5153327,855.4352083134278,805.5167
1357,0.3694741662384058,0.51001173,737.8514373788022,803.0482
1358,0.4009821039742838,0.39627936,752.4682849889115,750.2866
1359,0.3568363330653579,0.56016535,731.9886201052337,826.315
1360,0.35816740016554927,0.43823853,732.6061154527687,769.75195
1361,0.33657629019341506,0.2572461,722.5897834782253,685.7877
1362,0.43525875550176996,0.4948487,768.3695666329836,796.0139
1363,0.509776995749373,0.47542152,802.939323974875,787.00146
1364,0.3562210682472329,0.43740547,731.7031925992578,769.3655
1365,0.4251396801253302,0.3945464,763.6752263060315,749.4827
1366,0.27090472360717355,0.392236,692.1240865749593,748.4109
1367,0.5237312367055655,0.42731315,809.4128359921074,764.68353
1368,0.6799677744301911,0.45783418,881.8925292743344,778.8425
1369,0.4034075608953567,0.58078873,753.5934787257214,835.8824
1370,0.42134209855841354,0.45491138,761.9134902154027,777.48663
1371,0.48897769388320445,0.30153513,793.2903197041747,706.33386
1372,0.4220877189949477,0.3975699,762.2593909972045,750.8854
1373,0.43369365278938776,0.4507074,767.6434998229997,775.5363
1374,0.2975173895133061,0.43620336,704.4699685971185,768.8078
1375,0.38208255321123796,0.34025866,743.7005942654275,724.2981
1376,0.47561624974695094,0.5268668,787.0918120637265,810.8675
1377,0.5132594353533704,0.43793163,804.5548625553349,769.6095
1378,0.4797914408633537,0.4473236,789.0287250030348,773.96655
1379,0.42120637584362,0.47918406,761.8505270898564,788.74695
1380,0.3843344257903514,0.37348306,744.7452604889743,739.71124
1381,0.4774656887427784,0.42722192,787.9497853209042,764.64124
1382,0.6022130262827934,0.4786269,845.8213235305583,788.48846
1383,0.46900993868193597,0.3048939,784.0270782524639,707.892
1384,0.5698617144207181,0.38937053,830.8132262238083,747.08154
1385,0.48572188876010336,0.43163338,791.7799191272943,766.68774
1386,0.553654414789609,0.38710052,823.2944977413173,746.0285
1387,0.48577536649760944,0.37358266,791.8047279848657,739.7574
1388,0.4316478249876967,0.38728186,766.6944198335534,746.1126
1389,0.3329174314385632,0.37520498,720.8924022882884,740.51
1390,0.4201087775283898,0.4996296,761.3413402479463,798.2318
1391,0.7953152963002219,0.4144027,935.4033989323675,758.6942
1392,0.39693666998381305,0.4221055,750.5915676787799,762.26764
1393,0.4142526177902337,0.5433462,758.624609143847,818.51245
1394,0.3902467531034586,0.49595457,747.4880482931526,796.527
1395,0.430341743657634,0.42281523,766.0885156348094,762.5969
1396,0.5032705030769031,0.41406548,799.9208969147794,758.53784
1397,0.31219593868054085,0.5395786,711.2794944414792,816.7646
1398,0.7198209914105769,0.35500938,900.3808354357242,731.14105
1399,0.2800020555670879,0.40804338,696.3444299065771,755.7441
1400,0.26198178886571655,0.430767,687.9846478581462,766.28577
1401,0.42358647108543734,0.4028672,762.9546770897333,753.34283
1402,0.4736214020220946,0.38037127,786.1663822420725,742.90674
1403,0.4983160638915052,0.33582455,797.6224829984648,722.241
1404,0.4064983561685498,0.48004186,755.0273295820047,789.1449
1405,0.46831103994916456,0.48627612,783.7028521365736,792.037
1406,0.39548041349913077,0.43975794,749.9159957230313,770.4568
1407,0.3451550882747305,0.33783782,726.5695737546831,723.17505
1408,0.47583453231249395,0.37115258,787.1930755301975,738.63007
1409,0.3563619643721063,0.31126338,731.7685557215095,710.84686
1410,0.44607253253659773,0.47937238,773.3861860110203,788.83435
1411,0.40464105836531283,0.34608787,754.165710545428,727.0023
1412,0.48877962468793146,0.47548354,793.1984334224437,787.0303
1413,0.5527719459887803,0.44793737,822.8851116339015,774.25134
1414,0.43536464999785074,0.45859602,768.4186921493832,779.196
1415,0.37787453068635957,0.47544047,741.7484505071893,787.01025
1416,0.43278813069167454,0.48240337,767.2234190604689,790.2404
1417,0.4046693395779235,0.44300634,754.1788304829632,771.96375
1418,0.37991069525045895,0.37226492,742.6930476240185,739.1461
1419,0.3899217414910068,0.47522846,747.3372721538017,786.9119
1420,0.3774633298324268,0.3693176,741.5576903162347,737.7788
1421,0.33522960166342086,0.4900511,721.9650411930838,793.78827
1422,0.3873783383738447,0.5716717,746.157361996359,831.65295
1423,0.5542887854893728,0.43571085,823.5887886569745,768.5793
1424,0.3564177948437788,0.40993005,731.7944560360041,756.6193
1425,0.5120435548679434,0.41866753,803.9908034310415,760.6727
1426,0.3971281100176167,0.48018876,750.6803786261685,789.2131
1427,0.2815087337115907,0.24080652,697.0433929748773,678.16125
1428,0.3886100817625733,0.4562466,746.7287800802313,778.1061
1429,0.37082584827410137,0.5073469,738.4784962012076,801.812
1430,0.4476747604249949,0.4619076,774.1294755616626,780.73224
1431,0.4722724994300964,0.368209,785.5406128314116,737.2645
1432,0.36331864406269365,0.52187884,734.9958290442529,808.5535
1433,0.35017065602681474,0.43274856,728.8963458247864,767.2051
1434,0.43294354961224046,0.4316088,767.2955194529695,766.67633
1435,0.352453151267063,0.56092596,729.9552182072692,826.66785
1436,0.4908340605843917,0.29099548,794.1515067931932,701.4444
1437,0.4605417269806613,0.49008343,780.0985901043256,793.8033
1438,0.4436858054976809,0.4826422,772.2789594541057,790.35126
1439,0.5392479976655054,0.46392998,816.611216674943,781.6704
1440,0.4032080760873873,0.43029934,753.5009357270948,766.06885
1441,0.4022032709888592,0.46034682,753.0347965869782,780.0082
1442,0.4565220778443053,0.40035278,778.2338346460425,752.17633
1443,0.4986840225416773,0.49469545,797.7931826983777,795.9429
1444,0.5375836066681547,0.51921093,815.8390890360017,807.31586
1445,0.40911768253343883,0.42186487,756.2424612938187,762.156
1446,0.42299764108274074,0.54751956,762.6815129591632,820.4485
1447,0.6093503010094772,0.40943283,849.1323766977298,756.3887
1448,0.4402776279523377,0.50303483,770.6978717857829,799.8116
1449,0.4571565342734438,0.47192737,778.5281653324146,785.3805
1450,0.45628749945438307,0.38207936,778.1250113835725,743.69916
1451,0.5078375352715161,0.44360274,802.0395888513547,772.2404
1452,0.4766760904361351,0.4139308,787.5834827650799,758.47534
1453,0.4057526309580284,0.4008265,754.6813801945018,752.3961
1454,0.39999050490526433,0.4308136,752.0082722580345,766.30743
1455,0.35233795020337566,0.46264678,729.9017752810277,781.07513
1456,0.3585582321341849,0.4229265,732.7874263140061,762.6485
1457,0.389188183956773,0.4547286,746.9969674730884,777.40186
1458,0.36621672931228044,0.46178636,736.3402797921697,780.67596
1459,0.4091941088688278,0.37602597,756.2779162355906,740.89087
1460,0.4652995140435492,0.4641076,782.3057751331443,781.7528
1461,0.48073790630994306,0.44309077,789.4677997948222,772.00287
1462,0.46162088576961646,0.3255245,780.5992226654756,717.46277
1463,0.5507108881128588,0.5042467,821.928966260615,800.3738
1464,0.34462076095320504,0.39741158,726.3216939633072,750.8119
1465,0.5233162730635617,0.4546373,809.220330206113,777.3595
1466,0.4628484756250655,0.3919715,781.1687138836959,748.2882
1467,0.3396694441243744,0.31289667,724.024728539449,711.60455
1468,0.5223590572591104,0.4585537,808.7762682157364,779.17633
1469,0.4804414199332343,0.043902785,789.3302567977795,586.8156
1470,0.3696722418418139,0.48183858,737.9433266333311,789.97845
1471,0.410624020171922,0.37715074,756.9412663979689,741.41266
1472,0.4443174734061115,0.6106837,772.5719965178172,849.751
1473,0.4357068411650744,0.4554246,768.5774380561056,777.72473
1474,0.4517978772100164,0.45514023,776.0422306975444,777.59283
1475,0.5654940292348085,0.5249155,828.7870133594013,809.9622
1476,0.4416720548478619,0.42338672,771.3447603764032,762.862
1477,0.345539867380094,0.3801727,726.7480766320787,742.8146
1478,0.4862520752392816,0.43479866,792.0258779404687,768.1561
1479,0.44894505690173525,0.41277137,774.7187788088577,757.93744
1480,0.4885133987012691,0.17107564,793.074928523154,645.8124
1481,0.46094253924735873,0.0,780.284530925705,566.44867
1482,0.3982821186162915,0.47137865,751.2157347630564,785.1259
1483,0.4733255256030007,5.543232e-06,786.0291222104712,566.45123
1484,0.4063888687566273,0.37687147,754.9765372759924,741.28314
1485,0.4185967398080148,0.46026015,760.6398908187667,779.968
1486,0.3572137470543155,0.35193354,732.1637062314271,729.7142
1487,0.39029163332730366,0.45970032,747.5088686781029,779.70825
